
> erp-server@1.0.0 start:prod
> node dist/main

[32m[Nest] 19169  - [39m02/12/2026, 11:27:09 AM [32m    LOG[39m [38;5;3m[NestFactory] [39m[32mStarting Nest application...[39m
[32m[Nest] 19169  - [39m02/12/2026, 11:27:09 AM [32m    LOG[39m [38;5;3m[InstanceLoader] [39m[32mTypeOrmModule dependencies initialized[39m[38;5;3m +9ms[39m
[32m[Nest] 19169  - [39m02/12/2026, 11:27:09 AM [32m    LOG[39m [38;5;3m[InstanceLoader] [39m[32mThrottlerModule dependencies initialized[39m[38;5;3m +0ms[39m
[32m[Nest] 19169  - [39m02/12/2026, 11:27:09 AM [32m    LOG[39m [38;5;3m[InstanceLoader] [39m[32mConfigHostModule dependencies initialized[39m[38;5;3m +0ms[39m
[32m[Nest] 19169  - [39m02/12/2026, 11:27:09 AM [32m    LOG[39m [38;5;3m[InstanceLoader] [39m[32mAppModule dependencies initialized[39m[38;5;3m +0ms[39m
[32m[Nest] 19169  - [39m02/12/2026, 11:27:09 AM [32m    LOG[39m [38;5;3m[InstanceLoader] [39m[32mConfigModule dependencies initialized[39m[38;5;3m +0ms[39m
[32m[Nest] 19169  - [39m02/12/2026, 11:27:09 AM [32m    LOG[39m [38;5;3m[InstanceLoader] [39m[32mTypeOrmCoreModule dependencies initialized[39m[38;5;3m +29ms[39m
[32m[Nest] 19169  - [39m02/12/2026, 11:27:09 AM [32m    LOG[39m [38;5;3m[InstanceLoader] [39m[32mTypeOrmModule dependencies initialized[39m[38;5;3m +0ms[39m
[32m[Nest] 19169  - [39m02/12/2026, 11:27:09 AM [32m    LOG[39m [38;5;3m[InstanceLoader] [39m[32mHealthModule dependencies initialized[39m[38;5;3m +0ms[39m
[32m[Nest] 19169  - [39m02/12/2026, 11:27:09 AM [32m    LOG[39m [38;5;3m[InstanceLoader] [39m[32mUsersModule dependencies initialized[39m[38;5;3m +0ms[39m
[32m[Nest] 19169  - [39m02/12/2026, 11:27:09 AM [32m    LOG[39m [38;5;3m[RoutesResolver] [39m[32mHealthController {/api/health} (version: 1):[39m[38;5;3m +16ms[39m
[32m[Nest] 19169  - [39m02/12/2026, 11:27:09 AM [32m    LOG[39m [38;5;3m[RouterExplorer] [39m[32mMapped {/api/health, GET} (version: 1) route[39m[38;5;3m +1ms[39m
[32m[Nest] 19169  - [39m02/12/2026, 11:27:09 AM [32m    LOG[39m [38;5;3m[RoutesResolver] [39m[32mUsersController {/api/users} (version: 1):[39m[38;5;3m +0ms[39m
[32m[Nest] 19169  - [39m02/12/2026, 11:27:09 AM [32m    LOG[39m [38;5;3m[RouterExplorer] [39m[32mMapped {/api/users, POST} (version: 1) route[39m[38;5;3m +1ms[39m
[32m[Nest] 19169  - [39m02/12/2026, 11:27:09 AM [32m    LOG[39m [38;5;3m[RouterExplorer] [39m[32mMapped {/api/users, GET} (version: 1) route[39m[38;5;3m +0ms[39m
[32m[Nest] 19169  - [39m02/12/2026, 11:27:09 AM [32m    LOG[39m [38;5;3m[RouterExplorer] [39m[32mMapped {/api/users/:id, GET} (version: 1) route[39m[38;5;3m +0ms[39m
[32m[Nest] 19169  - [39m02/12/2026, 11:27:09 AM [32m    LOG[39m [38;5;3m[RouterExplorer] [39m[32mMapped {/api/users/:id, PATCH} (version: 1) route[39m[38;5;3m +0ms[39m
[32m[Nest] 19169  - [39m02/12/2026, 11:27:09 AM [32m    LOG[39m [38;5;3m[RouterExplorer] [39m[32mMapped {/api/users/:id, DELETE} (version: 1) route[39m[38;5;3m +1ms[39m
[32m[Nest] 19169  - [39m02/12/2026, 11:27:09 AM [32m    LOG[39m [38;5;3m[NestApplication] [39m[32mNest application successfully started[39m[38;5;3m +1ms[39m
2026-02-12T06:25:02.263Z LOG [NestFactory] Starting Nest application...
2026-02-12T06:25:02.275Z LOG [InstanceLoader] ThrottlerModule dependencies initialized
2026-02-12T06:25:02.275Z LOG [InstanceLoader] ConfigHostModule dependencies initialized
2026-02-12T06:25:02.276Z LOG [InstanceLoader] AppModule dependencies initialized
2026-02-12T06:25:02.276Z LOG [InstanceLoader] ConfigModule dependencies initialized
2026-02-12T06:25:02.280Z LOG [InstanceLoader] PrismaModule dependencies initialized
2026-02-12T06:25:02.280Z LOG [InstanceLoader] HealthModule dependencies initialized
2026-02-12T06:25:02.280Z LOG [InstanceLoader] UsersModule dependencies initialized
2026-02-12T06:25:02.304Z LOG [RoutesResolver] HealthController {/api/health} (version: 1):
2026-02-12T06:25:02.306Z LOG [RouterExplorer] Mapped {/api/health, GET} (version: 1) route
2026-02-12T06:25:02.306Z LOG [RoutesResolver] UsersController {/api/users} (version: 1):
2026-02-12T06:25:02.306Z LOG [RouterExplorer] Mapped {/api/users, POST} (version: 1) route
2026-02-12T06:25:02.314Z LOG [RouterExplorer] Mapped {/api/users, GET} (version: 1) route
2026-02-12T06:25:02.314Z LOG [RouterExplorer] Mapped {/api/users/:id, GET} (version: 1) route
2026-02-12T06:25:02.315Z LOG [RouterExplorer] Mapped {/api/users/:id, PATCH} (version: 1) route
2026-02-12T06:25:02.315Z LOG [RouterExplorer] Mapped {/api/users/:id, DELETE} (version: 1) route
2026-02-12T06:25:02.317Z LOG [NestApplication] Nest application successfully started
2026-02-12T06:25:19.465Z LOG [NestFactory] Starting Nest application...
2026-02-12T06:25:19.474Z LOG [InstanceLoader] ThrottlerModule dependencies initialized
2026-02-12T06:25:19.474Z LOG [InstanceLoader] ConfigHostModule dependencies initialized
2026-02-12T06:25:19.474Z LOG [InstanceLoader] AppModule dependencies initialized
2026-02-12T06:25:19.474Z LOG [InstanceLoader] ConfigModule dependencies initialized
2026-02-12T06:25:19.478Z LOG [InstanceLoader] PrismaModule dependencies initialized
2026-02-12T06:25:19.478Z LOG [InstanceLoader] HealthModule dependencies initialized
2026-02-12T06:25:19.478Z LOG [InstanceLoader] UsersModule dependencies initialized
2026-02-12T06:25:19.497Z LOG [RoutesResolver] HealthController {/api/health} (version: 1):
2026-02-12T06:25:19.498Z LOG [RouterExplorer] Mapped {/api/health, GET} (version: 1) route
2026-02-12T06:25:19.499Z LOG [RoutesResolver] UsersController {/api/users} (version: 1):
2026-02-12T06:25:19.499Z LOG [RouterExplorer] Mapped {/api/users, POST} (version: 1) route
2026-02-12T06:25:19.502Z LOG [RouterExplorer] Mapped {/api/users, GET} (version: 1) route
2026-02-12T06:25:19.503Z LOG [RouterExplorer] Mapped {/api/users/:id, GET} (version: 1) route
2026-02-12T06:25:19.503Z LOG [RouterExplorer] Mapped {/api/users/:id, PATCH} (version: 1) route
2026-02-12T06:25:19.503Z LOG [RouterExplorer] Mapped {/api/users/:id, DELETE} (version: 1) route
2026-02-12T06:25:19.505Z LOG [NestApplication] Nest application successfully started
2026-02-12T06:25:22.636Z LOG [NestFactory] Starting Nest application...
2026-02-12T06:25:22.644Z LOG [InstanceLoader] ThrottlerModule dependencies initialized
2026-02-12T06:25:22.644Z LOG [InstanceLoader] ConfigHostModule dependencies initialized
2026-02-12T06:25:22.644Z LOG [InstanceLoader] AppModule dependencies initialized
2026-02-12T06:25:22.644Z LOG [InstanceLoader] ConfigModule dependencies initialized
2026-02-12T06:25:22.648Z LOG [InstanceLoader] PrismaModule dependencies initialized
2026-02-12T06:25:22.648Z LOG [InstanceLoader] HealthModule dependencies initialized
2026-02-12T06:25:22.648Z LOG [InstanceLoader] UsersModule dependencies initialized
2026-02-12T06:25:22.672Z LOG [RoutesResolver] HealthController {/api/health} (version: 1):
2026-02-12T06:25:22.674Z LOG [RouterExplorer] Mapped {/api/health, GET} (version: 1) route
2026-02-12T06:25:22.674Z LOG [RoutesResolver] UsersController {/api/users} (version: 1):
2026-02-12T06:25:22.674Z LOG [RouterExplorer] Mapped {/api/users, POST} (version: 1) route
2026-02-12T06:25:22.674Z LOG [RouterExplorer] Mapped {/api/users, GET} (version: 1) route
2026-02-12T06:25:22.675Z LOG [RouterExplorer] Mapped {/api/users/:id, GET} (version: 1) route
2026-02-12T06:25:22.675Z LOG [RouterExplorer] Mapped {/api/users/:id, PATCH} (version: 1) route
2026-02-12T06:25:22.675Z LOG [RouterExplorer] Mapped {/api/users/:id, DELETE} (version: 1) route
2026-02-12T06:25:22.676Z LOG [NestApplication] Nest application successfully started
2026-02-12T06:25:40.624Z LOG [SmokeTest] file logger smoke test
2026-02-12T06:25:58.985Z LOG [NestFactory] Starting Nest application...
2026-02-12T06:25:58.993Z LOG [InstanceLoader] ThrottlerModule dependencies initialized
2026-02-12T06:25:58.993Z LOG [InstanceLoader] ConfigHostModule dependencies initialized
2026-02-12T06:25:58.993Z LOG [InstanceLoader] AppModule dependencies initialized
2026-02-12T06:25:58.993Z LOG [InstanceLoader] ConfigModule dependencies initialized
2026-02-12T06:25:58.996Z LOG [InstanceLoader] PrismaModule dependencies initialized
2026-02-12T06:25:58.996Z LOG [InstanceLoader] HealthModule dependencies initialized
2026-02-12T06:25:58.996Z LOG [InstanceLoader] UsersModule dependencies initialized
2026-02-12T06:25:59.013Z LOG [RoutesResolver] HealthController {/api/health} (version: 1):
2026-02-12T06:25:59.014Z LOG [RouterExplorer] Mapped {/api/health, GET} (version: 1) route
2026-02-12T06:25:59.014Z LOG [RoutesResolver] UsersController {/api/users} (version: 1):
2026-02-12T06:25:59.015Z LOG [RouterExplorer] Mapped {/api/users, POST} (version: 1) route
2026-02-12T06:25:59.015Z LOG [RouterExplorer] Mapped {/api/users, GET} (version: 1) route
2026-02-12T06:25:59.015Z LOG [RouterExplorer] Mapped {/api/users/:id, GET} (version: 1) route
2026-02-12T06:25:59.015Z LOG [RouterExplorer] Mapped {/api/users/:id, PATCH} (version: 1) route
2026-02-12T06:25:59.016Z LOG [RouterExplorer] Mapped {/api/users/:id, DELETE} (version: 1) route
2026-02-12T06:25:59.017Z LOG [NestApplication] Nest application successfully started
2026-02-12T06:25:59.018Z ERROR [NestApplication] Error: listen EPERM: operation not permitted 0.0.0.0:3010
2026-02-12T06:27:01.661Z LOG [NestFactory] Starting Nest application...
2026-02-12T06:27:01.670Z LOG [InstanceLoader] ThrottlerModule dependencies initialized
2026-02-12T06:27:01.670Z LOG [InstanceLoader] ConfigHostModule dependencies initialized
2026-02-12T06:27:01.670Z LOG [InstanceLoader] AppModule dependencies initialized
2026-02-12T06:27:01.670Z LOG [InstanceLoader] ConfigModule dependencies initialized
2026-02-12T06:27:01.673Z LOG [InstanceLoader] PrismaModule dependencies initialized
2026-02-12T06:27:01.673Z LOG [InstanceLoader] HealthModule dependencies initialized
2026-02-12T06:27:01.673Z LOG [InstanceLoader] UsersModule dependencies initialized
2026-02-12T06:27:01.697Z LOG [RoutesResolver] HealthController {/api/health} (version: 1):
2026-02-12T06:27:01.699Z LOG [RouterExplorer] Mapped {/api/health, GET} (version: 1) route
2026-02-12T06:27:01.699Z LOG [RoutesResolver] UsersController {/api/users} (version: 1):
2026-02-12T06:27:01.699Z LOG [RouterExplorer] Mapped {/api/users, POST} (version: 1) route
2026-02-12T06:27:01.699Z LOG [RouterExplorer] Mapped {/api/users, GET} (version: 1) route
2026-02-12T06:27:01.700Z LOG [RouterExplorer] Mapped {/api/users/:id, GET} (version: 1) route
2026-02-12T06:27:01.700Z LOG [RouterExplorer] Mapped {/api/users/:id, PATCH} (version: 1) route
2026-02-12T06:27:01.700Z LOG [RouterExplorer] Mapped {/api/users/:id, DELETE} (version: 1) route
2026-02-12T06:27:01.702Z LOG [NestApplication] Nest application successfully started
2026-02-12T06:27:04.993Z LOG [NestFactory] Starting Nest application...
2026-02-12T06:27:05.003Z LOG [InstanceLoader] ThrottlerModule dependencies initialized
2026-02-12T06:27:05.003Z LOG [InstanceLoader] ConfigHostModule dependencies initialized
2026-02-12T06:27:05.003Z LOG [InstanceLoader] AppModule dependencies initialized
2026-02-12T06:27:05.003Z LOG [InstanceLoader] ConfigModule dependencies initialized
2026-02-12T06:27:05.006Z LOG [InstanceLoader] PrismaModule dependencies initialized
2026-02-12T06:27:05.007Z LOG [InstanceLoader] HealthModule dependencies initialized
2026-02-12T06:27:05.007Z LOG [InstanceLoader] UsersModule dependencies initialized
2026-02-12T06:27:05.033Z LOG [RoutesResolver] HealthController {/api/health} (version: 1):
2026-02-12T06:27:05.035Z LOG [RouterExplorer] Mapped {/api/health, GET} (version: 1) route
2026-02-12T06:27:05.035Z LOG [RoutesResolver] UsersController {/api/users} (version: 1):
2026-02-12T06:27:05.036Z LOG [RouterExplorer] Mapped {/api/users, POST} (version: 1) route
2026-02-12T06:27:05.036Z LOG [RouterExplorer] Mapped {/api/users, GET} (version: 1) route
2026-02-12T06:27:05.036Z LOG [RouterExplorer] Mapped {/api/users/:id, GET} (version: 1) route
2026-02-12T06:27:05.037Z LOG [RouterExplorer] Mapped {/api/users/:id, PATCH} (version: 1) route
2026-02-12T06:27:05.037Z LOG [RouterExplorer] Mapped {/api/users/:id, DELETE} (version: 1) route
2026-02-12T06:27:05.038Z LOG [NestApplication] Nest application successfully started
2026-02-12T06:27:08.405Z LOG [NestFactory] Starting Nest application...
2026-02-12T06:27:08.414Z LOG [InstanceLoader] ThrottlerModule dependencies initialized
2026-02-12T06:27:08.414Z LOG [InstanceLoader] ConfigHostModule dependencies initialized
2026-02-12T06:27:08.414Z LOG [InstanceLoader] AppModule dependencies initialized
2026-02-12T06:27:08.414Z LOG [InstanceLoader] ConfigModule dependencies initialized
2026-02-12T06:27:08.418Z LOG [InstanceLoader] PrismaModule dependencies initialized
2026-02-12T06:27:08.418Z LOG [InstanceLoader] HealthModule dependencies initialized
2026-02-12T06:27:08.418Z LOG [InstanceLoader] UsersModule dependencies initialized
2026-02-12T06:27:08.440Z LOG [RoutesResolver] HealthController {/api/health} (version: 1):
2026-02-12T06:27:08.442Z LOG [RouterExplorer] Mapped {/api/health, GET} (version: 1) route
2026-02-12T06:27:08.442Z LOG [RoutesResolver] UsersController {/api/users} (version: 1):
2026-02-12T06:27:08.443Z LOG [RouterExplorer] Mapped {/api/users, POST} (version: 1) route
2026-02-12T06:27:08.443Z LOG [RouterExplorer] Mapped {/api/users, GET} (version: 1) route
2026-02-12T06:27:08.443Z LOG [RouterExplorer] Mapped {/api/users/:id, GET} (version: 1) route
2026-02-12T06:27:08.443Z LOG [RouterExplorer] Mapped {/api/users/:id, PATCH} (version: 1) route
2026-02-12T06:27:08.444Z LOG [RouterExplorer] Mapped {/api/users/:id, DELETE} (version: 1) route
2026-02-12T06:27:08.445Z LOG [NestApplication] Nest application successfully started
2026-02-12T06:27:19.741Z ERROR [SmokeTest] separate error file smoke test
2026-02-12T06:27:19.741Z FATAL [SmokeTest] separate fatal smoke test
2026-02-12T06:27:48.794Z ERROR [AllExceptionsFilter] GET /api/v1/users
PrismaClientKnownRequestError: 
Invalid `this.prisma.user.findMany()` invocation in
/home/vk/Dev/ERP server/src/modules/users/users.service.ts:28:29

  25 }
  26 
  27 async findAll(): Promise<User[]> {
→ 28   return this.prisma.user.findMany(
The column `users.firstName` does not exist in the current database.
    at ei.handleRequestError (/home/vk/Dev/ERP server/node_modules/@prisma/client/src/runtime/RequestHandler.ts:228:13)
    at ei.handleAndLogRequestError (/home/vk/Dev/ERP server/node_modules/@prisma/client/src/runtime/RequestHandler.ts:174:12)
    at ei.request (/home/vk/Dev/ERP server/node_modules/@prisma/client/src/runtime/RequestHandler.ts:143:12)
    at async a (/home/vk/Dev/ERP server/node_modules/@prisma/client/src/runtime/getPrismaClient.ts:833:24)
2026-02-12T06:27:48.796Z LOG [RequestLoggerMiddleware] GET /api/v1/users 500 - 75.6ms
2026-02-12T06:29:50.123Z LOG [NestFactory] Starting Nest application...
2026-02-12T06:29:50.131Z LOG [InstanceLoader] ThrottlerModule dependencies initialized
2026-02-12T06:29:50.131Z LOG [InstanceLoader] ConfigHostModule dependencies initialized
2026-02-12T06:29:50.131Z LOG [InstanceLoader] AppModule dependencies initialized
2026-02-12T06:29:50.132Z LOG [InstanceLoader] ConfigModule dependencies initialized
2026-02-12T06:29:50.135Z LOG [InstanceLoader] PrismaModule dependencies initialized
2026-02-12T06:29:50.135Z LOG [InstanceLoader] HealthModule dependencies initialized
2026-02-12T06:29:50.135Z LOG [InstanceLoader] UsersModule dependencies initialized
2026-02-12T06:29:50.160Z LOG [RoutesResolver] HealthController {/api/health} (version: 1):
2026-02-12T06:29:50.162Z LOG [RouterExplorer] Mapped {/api/health, GET} (version: 1) route
2026-02-12T06:29:50.162Z LOG [RoutesResolver] UsersController {/api/users} (version: 1):
2026-02-12T06:29:50.162Z LOG [RouterExplorer] Mapped {/api/users, POST} (version: 1) route
2026-02-12T06:29:50.163Z LOG [RouterExplorer] Mapped {/api/users, GET} (version: 1) route
2026-02-12T06:29:50.163Z LOG [RouterExplorer] Mapped {/api/users/:id, GET} (version: 1) route
2026-02-12T06:29:50.163Z LOG [RouterExplorer] Mapped {/api/users/:id, PATCH} (version: 1) route
2026-02-12T06:29:50.163Z LOG [RouterExplorer] Mapped {/api/users/:id, DELETE} (version: 1) route
2026-02-12T06:29:50.165Z LOG [NestApplication] Nest application successfully started
2026-02-12T06:29:55.730Z ERROR [AllExceptionsFilter] GET /api/v1/users
PrismaClientKnownRequestError: 
Invalid `this.prisma.user.findMany()` invocation in
/home/vk/Dev/ERP server/src/modules/users/users.service.ts:28:29

  25 }
  26 
  27 async findAll(): Promise<User[]> {
→ 28   return this.prisma.user.findMany(
The column `users.firstName` does not exist in the current database.
    at ei.handleRequestError (/home/vk/Dev/ERP server/node_modules/@prisma/client/src/runtime/RequestHandler.ts:228:13)
    at ei.handleAndLogRequestError (/home/vk/Dev/ERP server/node_modules/@prisma/client/src/runtime/RequestHandler.ts:174:12)
    at ei.request (/home/vk/Dev/ERP server/node_modules/@prisma/client/src/runtime/RequestHandler.ts:143:12)
    at async a (/home/vk/Dev/ERP server/node_modules/@prisma/client/src/runtime/getPrismaClient.ts:833:24)
2026-02-12T06:29:55.732Z LOG [RequestLoggerMiddleware] GET /api/v1/users 500 - 68.9ms
2026-02-12T07:13:11.258Z LOG [NestFactory] Starting Nest application...
2026-02-12T07:13:11.266Z LOG [InstanceLoader] ThrottlerModule dependencies initialized
2026-02-12T07:13:11.266Z LOG [InstanceLoader] ConfigHostModule dependencies initialized
2026-02-12T07:13:11.267Z LOG [InstanceLoader] AppModule dependencies initialized
2026-02-12T07:13:11.267Z LOG [InstanceLoader] ConfigModule dependencies initialized
2026-02-12T07:13:11.269Z LOG [InstanceLoader] PrismaModule dependencies initialized
2026-02-12T07:13:11.269Z LOG [InstanceLoader] HealthModule dependencies initialized
2026-02-12T07:13:11.270Z LOG [InstanceLoader] UsersModule dependencies initialized
2026-02-12T07:13:11.291Z LOG [RoutesResolver] HealthController {/api/health} (version: 1):
2026-02-12T07:13:11.292Z LOG [RouterExplorer] Mapped {/api/health, GET} (version: 1) route
2026-02-12T07:13:11.293Z LOG [RoutesResolver] UsersController {/api/users} (version: 1):
2026-02-12T07:13:11.293Z LOG [RouterExplorer] Mapped {/api/users, POST} (version: 1) route
2026-02-12T07:13:11.293Z LOG [RouterExplorer] Mapped {/api/users, GET} (version: 1) route
2026-02-12T07:13:11.293Z LOG [RouterExplorer] Mapped {/api/users/:id, GET} (version: 1) route
2026-02-12T07:13:11.293Z LOG [RouterExplorer] Mapped {/api/users/:id, PATCH} (version: 1) route
2026-02-12T07:13:11.294Z LOG [RouterExplorer] Mapped {/api/users/:id, DELETE} (version: 1) route
2026-02-12T07:13:11.295Z LOG [NestApplication] Nest application successfully started
2026-02-12T07:13:42.447Z LOG [NestFactory] Starting Nest application...
2026-02-12T07:13:42.456Z LOG [InstanceLoader] ThrottlerModule dependencies initialized
2026-02-12T07:13:42.456Z LOG [InstanceLoader] ConfigHostModule dependencies initialized
2026-02-12T07:13:42.456Z LOG [InstanceLoader] AppModule dependencies initialized
2026-02-12T07:13:42.456Z LOG [InstanceLoader] ConfigModule dependencies initialized
2026-02-12T07:13:42.459Z LOG [InstanceLoader] PrismaModule dependencies initialized
2026-02-12T07:13:42.459Z LOG [InstanceLoader] HealthModule dependencies initialized
2026-02-12T07:13:42.459Z LOG [InstanceLoader] UsersModule dependencies initialized
2026-02-12T07:13:42.485Z LOG [RoutesResolver] HealthController {/api/health} (version: 1):
2026-02-12T07:13:42.486Z LOG [RouterExplorer] Mapped {/api/health, GET} (version: 1) route
2026-02-12T07:13:42.486Z LOG [RoutesResolver] UsersController {/api/users} (version: 1):
2026-02-12T07:13:42.487Z LOG [RouterExplorer] Mapped {/api/users, POST} (version: 1) route
2026-02-12T07:13:42.487Z LOG [RouterExplorer] Mapped {/api/users, GET} (version: 1) route
2026-02-12T07:13:42.487Z LOG [RouterExplorer] Mapped {/api/users/:id, GET} (version: 1) route
2026-02-12T07:13:42.487Z LOG [RouterExplorer] Mapped {/api/users/:id, PATCH} (version: 1) route
2026-02-12T07:13:42.488Z LOG [RouterExplorer] Mapped {/api/users/:id, DELETE} (version: 1) route
2026-02-12T07:13:42.489Z LOG [NestApplication] Nest application successfully started
2026-02-12T08:25:24.296Z LOG [NestFactory] Starting Nest application...
2026-02-12T08:25:24.306Z LOG [InstanceLoader] ThrottlerModule dependencies initialized
2026-02-12T08:25:24.306Z LOG [InstanceLoader] ConfigHostModule dependencies initialized
2026-02-12T08:25:24.306Z LOG [InstanceLoader] AppModule dependencies initialized
2026-02-12T08:25:24.307Z LOG [InstanceLoader] ConfigModule dependencies initialized
2026-02-12T08:25:24.311Z LOG [InstanceLoader] PrismaModule dependencies initialized
2026-02-12T08:25:24.311Z LOG [InstanceLoader] HealthModule dependencies initialized
2026-02-12T08:25:24.311Z LOG [InstanceLoader] UsersModule dependencies initialized
2026-02-12T08:25:24.312Z LOG [InstanceLoader] ItemsGroupMasterModule dependencies initialized
2026-02-12T08:25:24.331Z LOG [RoutesResolver] HealthController {/api/health} (version: 1):
2026-02-12T08:25:24.333Z LOG [RouterExplorer] Mapped {/api/health, GET} (version: 1) route
2026-02-12T08:25:24.333Z LOG [RoutesResolver] UsersController {/api/users} (version: 1):
2026-02-12T08:25:24.333Z LOG [RouterExplorer] Mapped {/api/users, POST} (version: 1) route
2026-02-12T08:25:24.333Z LOG [RouterExplorer] Mapped {/api/users, GET} (version: 1) route
2026-02-12T08:25:24.334Z LOG [RouterExplorer] Mapped {/api/users/:id, GET} (version: 1) route
2026-02-12T08:25:24.334Z LOG [RouterExplorer] Mapped {/api/users/:id, PATCH} (version: 1) route
2026-02-12T08:25:24.334Z LOG [RouterExplorer] Mapped {/api/users/:id, DELETE} (version: 1) route
2026-02-12T08:25:24.334Z LOG [RoutesResolver] ItemsGroupMasterController {/api/item-groups} (version: 1):
2026-02-12T08:25:24.335Z LOG [RouterExplorer] Mapped {/api/item-groups/create, POST} (version: 1) route
2026-02-12T08:25:24.335Z LOG [RouterExplorer] Mapped {/api/item-groups/list, GET} (version: 1) route
2026-02-12T08:25:24.335Z LOG [RouterExplorer] Mapped {/api/item-groups/get/:itg_id, GET} (version: 1) route
2026-02-12T08:25:24.336Z LOG [RouterExplorer] Mapped {/api/item-groups/delete/:itg_id, DELETE} (version: 1) route
2026-02-12T08:25:24.338Z LOG [NestApplication] Nest application successfully started
2026-02-12T08:26:06.521Z LOG [NestFactory] Starting Nest application...
2026-02-12T08:26:06.536Z LOG [InstanceLoader] ThrottlerModule dependencies initialized
2026-02-12T08:26:06.536Z LOG [InstanceLoader] ConfigHostModule dependencies initialized
2026-02-12T08:26:06.536Z LOG [InstanceLoader] AppModule dependencies initialized
2026-02-12T08:26:06.536Z LOG [InstanceLoader] ConfigModule dependencies initialized
2026-02-12T08:26:06.539Z LOG [InstanceLoader] PrismaModule dependencies initialized
2026-02-12T08:26:06.540Z LOG [InstanceLoader] HealthModule dependencies initialized
2026-02-12T08:26:06.540Z LOG [InstanceLoader] UsersModule dependencies initialized
2026-02-12T08:26:06.540Z LOG [InstanceLoader] ItemsGroupMasterModule dependencies initialized
2026-02-12T08:26:06.560Z LOG [RoutesResolver] HealthController {/api/health} (version: 1):
2026-02-12T08:26:06.562Z LOG [RouterExplorer] Mapped {/api/health, GET} (version: 1) route
2026-02-12T08:26:06.562Z LOG [RoutesResolver] UsersController {/api/users} (version: 1):
2026-02-12T08:26:06.563Z LOG [RouterExplorer] Mapped {/api/users, POST} (version: 1) route
2026-02-12T08:26:06.563Z LOG [RouterExplorer] Mapped {/api/users, GET} (version: 1) route
2026-02-12T08:26:06.563Z LOG [RouterExplorer] Mapped {/api/users/:id, GET} (version: 1) route
2026-02-12T08:26:06.563Z LOG [RouterExplorer] Mapped {/api/users/:id, PATCH} (version: 1) route
2026-02-12T08:26:06.564Z LOG [RouterExplorer] Mapped {/api/users/:id, DELETE} (version: 1) route
2026-02-12T08:26:06.564Z LOG [RoutesResolver] ItemsGroupMasterController {/api/item-groups} (version: 1):
2026-02-12T08:26:06.564Z LOG [RouterExplorer] Mapped {/api/item-groups/create, POST} (version: 1) route
2026-02-12T08:26:06.565Z LOG [RouterExplorer] Mapped {/api/item-groups/list, GET} (version: 1) route
2026-02-12T08:26:06.565Z LOG [RouterExplorer] Mapped {/api/item-groups/get/:itg_id, GET} (version: 1) route
2026-02-12T08:26:06.565Z LOG [RouterExplorer] Mapped {/api/item-groups/delete/:itg_id, DELETE} (version: 1) route
2026-02-12T08:26:06.567Z LOG [NestApplication] Nest application successfully started
2026-02-12T08:26:09.093Z LOG [NestFactory] Starting Nest application...
2026-02-12T08:26:09.109Z LOG [InstanceLoader] ThrottlerModule dependencies initialized
2026-02-12T08:26:09.109Z LOG [InstanceLoader] ConfigHostModule dependencies initialized
2026-02-12T08:26:09.109Z LOG [InstanceLoader] AppModule dependencies initialized
2026-02-12T08:26:09.110Z LOG [InstanceLoader] ConfigModule dependencies initialized
2026-02-12T08:26:09.113Z LOG [InstanceLoader] PrismaModule dependencies initialized
2026-02-12T08:26:09.114Z LOG [InstanceLoader] HealthModule dependencies initialized
2026-02-12T08:26:09.114Z LOG [InstanceLoader] UsersModule dependencies initialized
2026-02-12T08:26:09.114Z LOG [InstanceLoader] ItemsGroupMasterModule dependencies initialized
2026-02-12T08:26:09.141Z LOG [RoutesResolver] HealthController {/api/health} (version: 1):
2026-02-12T08:26:09.143Z LOG [RouterExplorer] Mapped {/api/health, GET} (version: 1) route
2026-02-12T08:26:09.143Z LOG [RoutesResolver] UsersController {/api/users} (version: 1):
2026-02-12T08:26:09.143Z LOG [RouterExplorer] Mapped {/api/users, POST} (version: 1) route
2026-02-12T08:26:09.143Z LOG [RouterExplorer] Mapped {/api/users, GET} (version: 1) route
2026-02-12T08:26:09.144Z LOG [RouterExplorer] Mapped {/api/users/:id, GET} (version: 1) route
2026-02-12T08:26:09.144Z LOG [RouterExplorer] Mapped {/api/users/:id, PATCH} (version: 1) route
2026-02-12T08:26:09.144Z LOG [RouterExplorer] Mapped {/api/users/:id, DELETE} (version: 1) route
2026-02-12T08:26:09.145Z LOG [RoutesResolver] ItemsGroupMasterController {/api/item-groups} (version: 1):
2026-02-12T08:26:09.145Z LOG [RouterExplorer] Mapped {/api/item-groups/create, POST} (version: 1) route
2026-02-12T08:26:09.146Z LOG [RouterExplorer] Mapped {/api/item-groups/list, GET} (version: 1) route
2026-02-12T08:26:09.146Z LOG [RouterExplorer] Mapped {/api/item-groups/get/:itg_id, GET} (version: 1) route
2026-02-12T08:26:09.147Z LOG [RouterExplorer] Mapped {/api/item-groups/delete/:itg_id, DELETE} (version: 1) route
2026-02-12T08:26:09.149Z LOG [NestApplication] Nest application successfully started
2026-02-12T08:26:40.884Z LOG [NestFactory] Starting Nest application...
2026-02-12T08:26:40.897Z LOG [InstanceLoader] ThrottlerModule dependencies initialized
2026-02-12T08:26:40.897Z LOG [InstanceLoader] ConfigHostModule dependencies initialized
2026-02-12T08:26:40.897Z LOG [InstanceLoader] AppModule dependencies initialized
2026-02-12T08:26:40.897Z LOG [InstanceLoader] ConfigModule dependencies initialized
2026-02-12T08:26:40.900Z LOG [InstanceLoader] PrismaModule dependencies initialized
2026-02-12T08:26:40.901Z LOG [InstanceLoader] HealthModule dependencies initialized
2026-02-12T08:26:40.901Z LOG [InstanceLoader] UsersModule dependencies initialized
2026-02-12T08:26:40.901Z LOG [InstanceLoader] ItemsGroupMasterModule dependencies initialized
2026-02-12T08:26:40.925Z LOG [RoutesResolver] HealthController {/api/health} (version: 1):
2026-02-12T08:26:40.927Z LOG [RouterExplorer] Mapped {/api/health, GET} (version: 1) route
2026-02-12T08:26:40.927Z LOG [RoutesResolver] UsersController {/api/users} (version: 1):
2026-02-12T08:26:40.927Z LOG [RouterExplorer] Mapped {/api/users, POST} (version: 1) route
2026-02-12T08:26:40.927Z LOG [RouterExplorer] Mapped {/api/users, GET} (version: 1) route
2026-02-12T08:26:40.928Z LOG [RouterExplorer] Mapped {/api/users/:id, GET} (version: 1) route
2026-02-12T08:26:40.928Z LOG [RouterExplorer] Mapped {/api/users/:id, PATCH} (version: 1) route
2026-02-12T08:26:40.928Z LOG [RouterExplorer] Mapped {/api/users/:id, DELETE} (version: 1) route
2026-02-12T08:26:40.928Z LOG [RoutesResolver] ItemsGroupMasterController {/api/item-groups} (version: 1):
2026-02-12T08:26:40.929Z LOG [RouterExplorer] Mapped {/api/item-groups/create, POST} (version: 1) route
2026-02-12T08:26:40.929Z LOG [RouterExplorer] Mapped {/api/item-groups/list, GET} (version: 1) route
2026-02-12T08:26:40.929Z LOG [RouterExplorer] Mapped {/api/item-groups/get/:itg_id, GET} (version: 1) route
2026-02-12T08:26:40.929Z LOG [RouterExplorer] Mapped {/api/item-groups/delete/:itg_id, DELETE} (version: 1) route
2026-02-12T08:26:40.931Z LOG [NestApplication] Nest application successfully started
2026-02-12T09:55:11.088Z LOG [NestFactory] Starting Nest application...
2026-02-12T09:55:11.097Z LOG [InstanceLoader] ThrottlerModule dependencies initialized
2026-02-12T09:55:11.097Z LOG [InstanceLoader] ConfigHostModule dependencies initialized
2026-02-12T09:55:11.097Z LOG [InstanceLoader] AppModule dependencies initialized
2026-02-12T09:55:11.097Z LOG [InstanceLoader] ConfigModule dependencies initialized
2026-02-12T09:55:11.103Z LOG [InstanceLoader] PrismaModule dependencies initialized
2026-02-12T09:55:11.104Z LOG [InstanceLoader] HealthModule dependencies initialized
2026-02-12T09:55:11.104Z LOG [InstanceLoader] UsersModule dependencies initialized
2026-02-12T09:55:11.104Z LOG [InstanceLoader] ItemsGroupMasterModule dependencies initialized
2026-02-12T09:55:11.129Z LOG [RoutesResolver] HealthController {/api/health} (version: 1):
2026-02-12T09:55:11.131Z LOG [RouterExplorer] Mapped {/api/health, GET} (version: 1) route
2026-02-12T09:55:11.131Z LOG [RoutesResolver] UsersController {/api/users} (version: 1):
2026-02-12T09:55:11.131Z LOG [RouterExplorer] Mapped {/api/users, POST} (version: 1) route
2026-02-12T09:55:11.131Z LOG [RouterExplorer] Mapped {/api/users, GET} (version: 1) route
2026-02-12T09:55:11.132Z LOG [RouterExplorer] Mapped {/api/users/:id, GET} (version: 1) route
2026-02-12T09:55:11.132Z LOG [RouterExplorer] Mapped {/api/users/:id, PATCH} (version: 1) route
2026-02-12T09:55:11.132Z LOG [RouterExplorer] Mapped {/api/users/:id, DELETE} (version: 1) route
2026-02-12T09:55:11.132Z LOG [RoutesResolver] ItemsGroupMasterController {/api/item-groups} (version: 1):
2026-02-12T09:55:11.133Z LOG [RouterExplorer] Mapped {/api/item-groups/create, POST} (version: 1) route
2026-02-12T09:55:11.133Z LOG [RouterExplorer] Mapped {/api/item-groups/list, GET} (version: 1) route
2026-02-12T09:55:11.134Z LOG [RouterExplorer] Mapped {/api/item-groups/get/:itg_id, GET} (version: 1) route
2026-02-12T09:55:11.135Z LOG [RouterExplorer] Mapped {/api/item-groups/delete/:itg_id, DELETE} (version: 1) route
2026-02-12T09:55:11.136Z LOG [NestApplication] Nest application successfully started
2026-02-12T09:57:51.518Z LOG [NestFactory] Starting Nest application...
2026-02-12T09:57:51.530Z LOG [InstanceLoader] ThrottlerModule dependencies initialized
2026-02-12T09:57:51.530Z LOG [InstanceLoader] ConfigHostModule dependencies initialized
2026-02-12T09:57:51.530Z LOG [InstanceLoader] AppModule dependencies initialized
2026-02-12T09:57:51.530Z LOG [InstanceLoader] ConfigModule dependencies initialized
2026-02-12T09:57:51.533Z LOG [InstanceLoader] PrismaModule dependencies initialized
2026-02-12T09:57:51.533Z LOG [InstanceLoader] HealthModule dependencies initialized
2026-02-12T09:57:51.533Z LOG [InstanceLoader] UsersModule dependencies initialized
2026-02-12T09:57:51.534Z LOG [InstanceLoader] ItemsGroupMasterModule dependencies initialized
2026-02-12T09:57:51.554Z LOG [RoutesResolver] HealthController {/api/health} (version: 1):
2026-02-12T09:57:51.556Z LOG [RouterExplorer] Mapped {/api/health, GET} (version: 1) route
2026-02-12T09:57:51.556Z LOG [RoutesResolver] UsersController {/api/users} (version: 1):
2026-02-12T09:57:51.556Z LOG [RouterExplorer] Mapped {/api/users, POST} (version: 1) route
2026-02-12T09:57:51.556Z LOG [RouterExplorer] Mapped {/api/users, GET} (version: 1) route
2026-02-12T09:57:51.557Z LOG [RouterExplorer] Mapped {/api/users/:id, GET} (version: 1) route
2026-02-12T09:57:51.557Z LOG [RouterExplorer] Mapped {/api/users/:id, PATCH} (version: 1) route
2026-02-12T09:57:51.557Z LOG [RouterExplorer] Mapped {/api/users/:id, DELETE} (version: 1) route
2026-02-12T09:57:51.557Z LOG [RoutesResolver] ItemsGroupMasterController {/api/item-groups} (version: 1):
2026-02-12T09:57:51.558Z LOG [RouterExplorer] Mapped {/api/item-groups/create, POST} (version: 1) route
2026-02-12T09:57:51.558Z LOG [RouterExplorer] Mapped {/api/item-groups/list, GET} (version: 1) route
2026-02-12T09:57:51.558Z LOG [RouterExplorer] Mapped {/api/item-groups/get/:itg_id, GET} (version: 1) route
2026-02-12T09:57:51.559Z LOG [RouterExplorer] Mapped {/api/item-groups/delete/:itg_id, DELETE} (version: 1) route
2026-02-12T09:57:51.560Z LOG [NestApplication] Nest application successfully started
2026-02-12T09:58:01.002Z LOG [NestFactory] Starting Nest application...
2026-02-12T09:58:01.012Z LOG [InstanceLoader] ThrottlerModule dependencies initialized
2026-02-12T09:58:01.012Z LOG [InstanceLoader] ConfigHostModule dependencies initialized
2026-02-12T09:58:01.012Z LOG [InstanceLoader] AppModule dependencies initialized
2026-02-12T09:58:01.012Z LOG [InstanceLoader] ConfigModule dependencies initialized
2026-02-12T09:58:01.015Z LOG [InstanceLoader] PrismaModule dependencies initialized
2026-02-12T09:58:01.016Z LOG [InstanceLoader] HealthModule dependencies initialized
2026-02-12T09:58:01.016Z LOG [InstanceLoader] UsersModule dependencies initialized
2026-02-12T09:58:01.017Z LOG [InstanceLoader] ItemsGroupMasterModule dependencies initialized
2026-02-12T09:58:01.041Z LOG [RoutesResolver] HealthController {/api/health} (version: 1):
2026-02-12T09:58:01.042Z LOG [RouterExplorer] Mapped {/api/health, GET} (version: 1) route
2026-02-12T09:58:01.043Z LOG [RoutesResolver] UsersController {/api/users} (version: 1):
2026-02-12T09:58:01.043Z LOG [RouterExplorer] Mapped {/api/users, POST} (version: 1) route
2026-02-12T09:58:01.043Z LOG [RouterExplorer] Mapped {/api/users, GET} (version: 1) route
2026-02-12T09:58:01.044Z LOG [RouterExplorer] Mapped {/api/users/:id, GET} (version: 1) route
2026-02-12T09:58:01.044Z LOG [RouterExplorer] Mapped {/api/users/:id, PATCH} (version: 1) route
2026-02-12T09:58:01.044Z LOG [RouterExplorer] Mapped {/api/users/:id, DELETE} (version: 1) route
2026-02-12T09:58:01.044Z LOG [RoutesResolver] ItemsGroupMasterController {/api/item-groups} (version: 1):
2026-02-12T09:58:01.045Z LOG [RouterExplorer] Mapped {/api/item-groups/create, POST} (version: 1) route
2026-02-12T09:58:01.045Z LOG [RouterExplorer] Mapped {/api/item-groups/list, GET} (version: 1) route
2026-02-12T09:58:01.046Z LOG [RouterExplorer] Mapped {/api/item-groups/get/:itg_id, GET} (version: 1) route
2026-02-12T09:58:01.046Z LOG [RouterExplorer] Mapped {/api/item-groups/delete/:itg_id, DELETE} (version: 1) route
2026-02-12T09:58:01.048Z LOG [NestApplication] Nest application successfully started
2026-02-12T09:58:05.738Z LOG [NestFactory] Starting Nest application...
2026-02-12T09:58:05.751Z LOG [InstanceLoader] ThrottlerModule dependencies initialized
2026-02-12T09:58:05.751Z LOG [InstanceLoader] ConfigHostModule dependencies initialized
2026-02-12T09:58:05.751Z LOG [InstanceLoader] AppModule dependencies initialized
2026-02-12T09:58:05.751Z LOG [InstanceLoader] ConfigModule dependencies initialized
2026-02-12T09:58:05.754Z LOG [InstanceLoader] PrismaModule dependencies initialized
2026-02-12T09:58:05.754Z LOG [InstanceLoader] HealthModule dependencies initialized
2026-02-12T09:58:05.754Z LOG [InstanceLoader] UsersModule dependencies initialized
2026-02-12T09:58:05.755Z LOG [InstanceLoader] ItemsGroupMasterModule dependencies initialized
2026-02-12T09:58:05.776Z LOG [RoutesResolver] HealthController {/api/health} (version: 1):
2026-02-12T09:58:05.778Z LOG [RouterExplorer] Mapped {/api/health, GET} (version: 1) route
2026-02-12T09:58:05.778Z LOG [RoutesResolver] UsersController {/api/users} (version: 1):
2026-02-12T09:58:05.778Z LOG [RouterExplorer] Mapped {/api/users, POST} (version: 1) route
2026-02-12T09:58:05.779Z LOG [RouterExplorer] Mapped {/api/users, GET} (version: 1) route
2026-02-12T09:58:05.779Z LOG [RouterExplorer] Mapped {/api/users/:id, GET} (version: 1) route
2026-02-12T09:58:05.779Z LOG [RouterExplorer] Mapped {/api/users/:id, PATCH} (version: 1) route
2026-02-12T09:58:05.779Z LOG [RouterExplorer] Mapped {/api/users/:id, DELETE} (version: 1) route
2026-02-12T09:58:05.780Z LOG [RoutesResolver] ItemsGroupMasterController {/api/item-groups} (version: 1):
2026-02-12T09:58:05.780Z LOG [RouterExplorer] Mapped {/api/item-groups/create, POST} (version: 1) route
2026-02-12T09:58:05.780Z LOG [RouterExplorer] Mapped {/api/item-groups/list, GET} (version: 1) route
2026-02-12T09:58:05.781Z LOG [RouterExplorer] Mapped {/api/item-groups/get/:itg_id, GET} (version: 1) route
2026-02-12T09:58:05.781Z LOG [RouterExplorer] Mapped {/api/item-groups/delete/:itg_id, DELETE} (version: 1) route
2026-02-12T09:58:05.782Z LOG [NestApplication] Nest application successfully started
2026-02-12T09:58:22.446Z LOG [NestFactory] Starting Nest application...
2026-02-12T09:58:22.458Z LOG [InstanceLoader] ThrottlerModule dependencies initialized
2026-02-12T09:58:22.459Z LOG [InstanceLoader] ConfigHostModule dependencies initialized
2026-02-12T09:58:22.459Z LOG [InstanceLoader] AppModule dependencies initialized
2026-02-12T09:58:22.459Z LOG [InstanceLoader] ConfigModule dependencies initialized
2026-02-12T09:58:22.462Z LOG [InstanceLoader] PrismaModule dependencies initialized
2026-02-12T09:58:22.462Z LOG [InstanceLoader] HealthModule dependencies initialized
2026-02-12T09:58:22.462Z LOG [InstanceLoader] UsersModule dependencies initialized
2026-02-12T09:58:22.462Z LOG [InstanceLoader] ItemsGroupMasterModule dependencies initialized
2026-02-12T09:58:22.485Z LOG [RoutesResolver] HealthController {/api/health} (version: 1):
2026-02-12T09:58:22.487Z LOG [RouterExplorer] Mapped {/api/health, GET} (version: 1) route
2026-02-12T09:58:22.487Z LOG [RoutesResolver] UsersController {/api/users} (version: 1):
2026-02-12T09:58:22.487Z LOG [RouterExplorer] Mapped {/api/users, POST} (version: 1) route
2026-02-12T09:58:22.487Z LOG [RouterExplorer] Mapped {/api/users, GET} (version: 1) route
2026-02-12T09:58:22.487Z LOG [RouterExplorer] Mapped {/api/users/:id, GET} (version: 1) route
2026-02-12T09:58:22.488Z LOG [RouterExplorer] Mapped {/api/users/:id, PATCH} (version: 1) route
2026-02-12T09:58:22.488Z LOG [RouterExplorer] Mapped {/api/users/:id, DELETE} (version: 1) route
2026-02-12T09:58:22.488Z LOG [RoutesResolver] ItemsGroupMasterController {/api/item-groups} (version: 1):
2026-02-12T09:58:22.488Z LOG [RouterExplorer] Mapped {/api/item-groups/create, POST} (version: 1) route
2026-02-12T09:58:22.488Z LOG [RouterExplorer] Mapped {/api/item-groups/list, GET} (version: 1) route
2026-02-12T09:58:22.489Z LOG [RouterExplorer] Mapped {/api/item-groups/get/:itg_id, GET} (version: 1) route
2026-02-12T09:58:22.489Z LOG [RouterExplorer] Mapped {/api/item-groups/delete/:itg_id, DELETE} (version: 1) route
2026-02-12T09:58:22.491Z LOG [NestApplication] Nest application successfully started
2026-02-12T09:58:31.226Z LOG [NestFactory] Starting Nest application...
2026-02-12T09:58:31.239Z LOG [InstanceLoader] ThrottlerModule dependencies initialized
2026-02-12T09:58:31.240Z LOG [InstanceLoader] ConfigHostModule dependencies initialized
2026-02-12T09:58:31.240Z LOG [InstanceLoader] AppModule dependencies initialized
2026-02-12T09:58:31.240Z LOG [InstanceLoader] ConfigModule dependencies initialized
2026-02-12T09:58:31.243Z LOG [InstanceLoader] PrismaModule dependencies initialized
2026-02-12T09:58:31.244Z LOG [InstanceLoader] HealthModule dependencies initialized
2026-02-12T09:58:31.244Z LOG [InstanceLoader] UsersModule dependencies initialized
2026-02-12T09:58:31.244Z LOG [InstanceLoader] ItemsGroupMasterModule dependencies initialized
2026-02-12T09:58:31.269Z LOG [RoutesResolver] HealthController {/api/health} (version: 1):
2026-02-12T09:58:31.270Z LOG [RouterExplorer] Mapped {/api/health, GET} (version: 1) route
2026-02-12T09:58:31.270Z LOG [RoutesResolver] UsersController {/api/users} (version: 1):
2026-02-12T09:58:31.270Z LOG [RouterExplorer] Mapped {/api/users, POST} (version: 1) route
2026-02-12T09:58:31.271Z LOG [RouterExplorer] Mapped {/api/users, GET} (version: 1) route
2026-02-12T09:58:31.271Z LOG [RouterExplorer] Mapped {/api/users/:id, GET} (version: 1) route
2026-02-12T09:58:31.271Z LOG [RouterExplorer] Mapped {/api/users/:id, PATCH} (version: 1) route
2026-02-12T09:58:31.271Z LOG [RouterExplorer] Mapped {/api/users/:id, DELETE} (version: 1) route
2026-02-12T09:58:31.271Z LOG [RoutesResolver] ItemsGroupMasterController {/api/item-groups} (version: 1):
2026-02-12T09:58:31.272Z LOG [RouterExplorer] Mapped {/api/item-groups/create, POST} (version: 1) route
2026-02-12T09:58:31.272Z LOG [RouterExplorer] Mapped {/api/item-groups/list, GET} (version: 1) route
2026-02-12T09:58:31.273Z LOG [RouterExplorer] Mapped {/api/item-groups/get/:itg_id, GET} (version: 1) route
2026-02-12T09:58:31.273Z LOG [RouterExplorer] Mapped {/api/item-groups/delete/:itg_id, DELETE} (version: 1) route
2026-02-12T09:58:31.275Z LOG [NestApplication] Nest application successfully started
2026-02-12T09:58:46.542Z LOG [NestFactory] Starting Nest application...
2026-02-12T09:58:46.556Z LOG [InstanceLoader] ThrottlerModule dependencies initialized
2026-02-12T09:58:46.556Z LOG [InstanceLoader] ConfigHostModule dependencies initialized
2026-02-12T09:58:46.557Z LOG [InstanceLoader] AppModule dependencies initialized
2026-02-12T09:58:46.557Z LOG [InstanceLoader] ConfigModule dependencies initialized
2026-02-12T09:58:46.560Z LOG [InstanceLoader] PrismaModule dependencies initialized
2026-02-12T09:58:46.561Z LOG [InstanceLoader] HealthModule dependencies initialized
2026-02-12T09:58:46.561Z LOG [InstanceLoader] UsersModule dependencies initialized
2026-02-12T09:58:46.561Z LOG [InstanceLoader] ItemsGroupMasterModule dependencies initialized
2026-02-12T09:58:46.586Z LOG [RoutesResolver] HealthController {/api/health} (version: 1):
2026-02-12T09:58:46.587Z LOG [RouterExplorer] Mapped {/api/health, GET} (version: 1) route
2026-02-12T09:58:46.587Z LOG [RoutesResolver] UsersController {/api/users} (version: 1):
2026-02-12T09:58:46.588Z LOG [RouterExplorer] Mapped {/api/users, POST} (version: 1) route
2026-02-12T09:58:46.588Z LOG [RouterExplorer] Mapped {/api/users, GET} (version: 1) route
2026-02-12T09:58:46.588Z LOG [RouterExplorer] Mapped {/api/users/:id, GET} (version: 1) route
2026-02-12T09:58:46.588Z LOG [RouterExplorer] Mapped {/api/users/:id, PATCH} (version: 1) route
2026-02-12T09:58:46.589Z LOG [RouterExplorer] Mapped {/api/users/:id, DELETE} (version: 1) route
2026-02-12T09:58:46.589Z LOG [RoutesResolver] ItemsGroupMasterController {/api/item-groups} (version: 1):
2026-02-12T09:58:46.589Z LOG [RouterExplorer] Mapped {/api/item-groups/create, POST} (version: 1) route
2026-02-12T09:58:46.589Z LOG [RouterExplorer] Mapped {/api/item-groups/list, GET} (version: 1) route
2026-02-12T09:58:46.590Z LOG [RouterExplorer] Mapped {/api/item-groups/get/:itg_id, GET} (version: 1) route
2026-02-12T09:58:46.590Z LOG [RouterExplorer] Mapped {/api/item-groups/delete/:itg_id, DELETE} (version: 1) route
2026-02-12T09:58:46.591Z LOG [NestApplication] Nest application successfully started
2026-02-12T09:58:52.177Z LOG [NestFactory] Starting Nest application...
2026-02-12T09:58:52.190Z LOG [InstanceLoader] ThrottlerModule dependencies initialized
2026-02-12T09:58:52.190Z LOG [InstanceLoader] ConfigHostModule dependencies initialized
2026-02-12T09:58:52.190Z LOG [InstanceLoader] AppModule dependencies initialized
2026-02-12T09:58:52.190Z LOG [InstanceLoader] ConfigModule dependencies initialized
2026-02-12T09:58:52.193Z LOG [InstanceLoader] PrismaModule dependencies initialized
2026-02-12T09:58:52.193Z LOG [InstanceLoader] HealthModule dependencies initialized
2026-02-12T09:58:52.194Z LOG [InstanceLoader] UsersModule dependencies initialized
2026-02-12T09:58:52.194Z LOG [InstanceLoader] ItemsGroupMasterModule dependencies initialized
2026-02-12T09:58:52.220Z LOG [RoutesResolver] HealthController {/api/health} (version: 1):
2026-02-12T09:58:52.222Z LOG [RouterExplorer] Mapped {/api/health, GET} (version: 1) route
2026-02-12T09:58:52.222Z LOG [RoutesResolver] UsersController {/api/users} (version: 1):
2026-02-12T09:58:52.222Z LOG [RouterExplorer] Mapped {/api/users, POST} (version: 1) route
2026-02-12T09:58:52.223Z LOG [RouterExplorer] Mapped {/api/users, GET} (version: 1) route
2026-02-12T09:58:52.223Z LOG [RouterExplorer] Mapped {/api/users/:id, GET} (version: 1) route
2026-02-12T09:58:52.223Z LOG [RouterExplorer] Mapped {/api/users/:id, PATCH} (version: 1) route
2026-02-12T09:58:52.223Z LOG [RouterExplorer] Mapped {/api/users/:id, DELETE} (version: 1) route
2026-02-12T09:58:52.223Z LOG [RoutesResolver] ItemsGroupMasterController {/api/item-groups} (version: 1):
2026-02-12T09:58:52.224Z LOG [RouterExplorer] Mapped {/api/item-groups/create, POST} (version: 1) route
2026-02-12T09:58:52.224Z LOG [RouterExplorer] Mapped {/api/item-groups/list, GET} (version: 1) route
2026-02-12T09:58:52.224Z LOG [RouterExplorer] Mapped {/api/item-groups/get/:itg_id, GET} (version: 1) route
2026-02-12T09:58:52.224Z LOG [RouterExplorer] Mapped {/api/item-groups/delete/:itg_id, DELETE} (version: 1) route
2026-02-12T09:58:52.226Z LOG [NestApplication] Nest application successfully started
2026-02-12T09:59:06.748Z LOG [NestFactory] Starting Nest application...
2026-02-12T09:59:06.758Z LOG [InstanceLoader] ThrottlerModule dependencies initialized
2026-02-12T09:59:06.758Z LOG [InstanceLoader] ConfigHostModule dependencies initialized
2026-02-12T09:59:06.758Z LOG [InstanceLoader] AppModule dependencies initialized
2026-02-12T09:59:06.758Z LOG [InstanceLoader] ConfigModule dependencies initialized
2026-02-12T09:59:06.761Z LOG [InstanceLoader] PrismaModule dependencies initialized
2026-02-12T09:59:06.762Z LOG [InstanceLoader] HealthModule dependencies initialized
2026-02-12T09:59:06.762Z LOG [InstanceLoader] UsersModule dependencies initialized
2026-02-12T09:59:06.762Z LOG [InstanceLoader] ItemsGroupMasterModule dependencies initialized
2026-02-12T09:59:06.790Z LOG [RoutesResolver] HealthController {/api/health} (version: 1):
2026-02-12T09:59:06.792Z LOG [RouterExplorer] Mapped {/api/health, GET} (version: 1) route
2026-02-12T09:59:06.792Z LOG [RoutesResolver] UsersController {/api/users} (version: 1):
2026-02-12T09:59:06.792Z LOG [RouterExplorer] Mapped {/api/users, POST} (version: 1) route
2026-02-12T09:59:06.792Z LOG [RouterExplorer] Mapped {/api/users, GET} (version: 1) route
2026-02-12T09:59:06.793Z LOG [RouterExplorer] Mapped {/api/users/:id, GET} (version: 1) route
2026-02-12T09:59:06.793Z LOG [RouterExplorer] Mapped {/api/users/:id, PATCH} (version: 1) route
2026-02-12T09:59:06.793Z LOG [RouterExplorer] Mapped {/api/users/:id, DELETE} (version: 1) route
2026-02-12T09:59:06.793Z LOG [RoutesResolver] ItemsGroupMasterController {/api/item-groups} (version: 1):
2026-02-12T09:59:06.793Z LOG [RouterExplorer] Mapped {/api/item-groups/create, POST} (version: 1) route
2026-02-12T09:59:06.793Z LOG [RouterExplorer] Mapped {/api/item-groups/list, GET} (version: 1) route
2026-02-12T09:59:06.794Z LOG [RouterExplorer] Mapped {/api/item-groups/get/:itg_id, GET} (version: 1) route
2026-02-12T09:59:06.794Z LOG [RouterExplorer] Mapped {/api/item-groups/delete/:itg_id, DELETE} (version: 1) route
2026-02-12T09:59:06.795Z LOG [NestApplication] Nest application successfully started
2026-02-12T10:06:08.888Z LOG [NestFactory] Starting Nest application...
2026-02-12T10:06:08.896Z LOG [InstanceLoader] ThrottlerModule dependencies initialized
2026-02-12T10:06:08.896Z LOG [InstanceLoader] ConfigHostModule dependencies initialized
2026-02-12T10:06:08.896Z LOG [InstanceLoader] AppModule dependencies initialized
2026-02-12T10:06:08.896Z LOG [InstanceLoader] ConfigModule dependencies initialized
2026-02-12T10:06:08.900Z LOG [InstanceLoader] PrismaModule dependencies initialized
2026-02-12T10:06:08.900Z LOG [InstanceLoader] HealthModule dependencies initialized
2026-02-12T10:06:08.900Z LOG [InstanceLoader] UsersModule dependencies initialized
2026-02-12T10:06:08.901Z LOG [InstanceLoader] ItemsGroupMasterModule dependencies initialized
2026-02-12T10:06:08.930Z LOG [RoutesResolver] HealthController {/api/health} (version: 1):
2026-02-12T10:06:08.932Z LOG [RouterExplorer] Mapped {/api/health, GET} (version: 1) route
2026-02-12T10:06:08.932Z LOG [RoutesResolver] UsersController {/api/users} (version: 1):
2026-02-12T10:06:08.932Z LOG [RouterExplorer] Mapped {/api/users, POST} (version: 1) route
2026-02-12T10:06:08.933Z LOG [RouterExplorer] Mapped {/api/users, GET} (version: 1) route
2026-02-12T10:06:08.933Z LOG [RouterExplorer] Mapped {/api/users/:id, GET} (version: 1) route
2026-02-12T10:06:08.933Z LOG [RouterExplorer] Mapped {/api/users/:id, PATCH} (version: 1) route
2026-02-12T10:06:08.934Z LOG [RouterExplorer] Mapped {/api/users/:id, DELETE} (version: 1) route
2026-02-12T10:06:08.934Z LOG [RoutesResolver] ItemsGroupMasterController {/api/item-groups} (version: 1):
2026-02-12T10:06:08.934Z LOG [RouterExplorer] Mapped {/api/item-groups/create, POST} (version: 1) route
2026-02-12T10:06:08.934Z LOG [RouterExplorer] Mapped {/api/item-groups/list, GET} (version: 1) route
2026-02-12T10:06:08.935Z LOG [RouterExplorer] Mapped {/api/item-groups/get/:itg_id, GET} (version: 1) route
2026-02-12T10:06:08.935Z LOG [RouterExplorer] Mapped {/api/item-groups/delete/:itg_id, DELETE} (version: 1) route
2026-02-12T10:06:08.937Z LOG [NestApplication] Nest application successfully started
2026-02-12T10:06:21.712Z LOG [NestFactory] Starting Nest application...
2026-02-12T10:06:21.721Z LOG [InstanceLoader] ThrottlerModule dependencies initialized
2026-02-12T10:06:21.721Z LOG [InstanceLoader] ConfigHostModule dependencies initialized
2026-02-12T10:06:21.721Z LOG [InstanceLoader] AppModule dependencies initialized
2026-02-12T10:06:21.721Z LOG [InstanceLoader] ConfigModule dependencies initialized
2026-02-12T10:06:21.725Z LOG [InstanceLoader] PrismaModule dependencies initialized
2026-02-12T10:06:21.725Z LOG [InstanceLoader] HealthModule dependencies initialized
2026-02-12T10:06:21.725Z LOG [InstanceLoader] UsersModule dependencies initialized
2026-02-12T10:06:21.726Z LOG [InstanceLoader] ItemsGroupMasterModule dependencies initialized
2026-02-12T10:06:21.752Z LOG [RoutesResolver] HealthController {/api/health} (version: 1):
2026-02-12T10:06:21.754Z LOG [RouterExplorer] Mapped {/api/health, GET} (version: 1) route
2026-02-12T10:06:21.754Z LOG [RoutesResolver] UsersController {/api/users} (version: 1):
2026-02-12T10:06:21.755Z LOG [RouterExplorer] Mapped {/api/users, POST} (version: 1) route
2026-02-12T10:06:21.755Z LOG [RouterExplorer] Mapped {/api/users, GET} (version: 1) route
2026-02-12T10:06:21.755Z LOG [RouterExplorer] Mapped {/api/users/:id, GET} (version: 1) route
2026-02-12T10:06:21.755Z LOG [RouterExplorer] Mapped {/api/users/:id, PATCH} (version: 1) route
2026-02-12T10:06:21.756Z LOG [RouterExplorer] Mapped {/api/users/:id, DELETE} (version: 1) route
2026-02-12T10:06:21.756Z LOG [RoutesResolver] ItemsGroupMasterController {/api/item-groups} (version: 1):
2026-02-12T10:06:21.756Z LOG [RouterExplorer] Mapped {/api/item-groups/create, POST} (version: 1) route
2026-02-12T10:06:21.756Z LOG [RouterExplorer] Mapped {/api/item-groups/list, GET} (version: 1) route
2026-02-12T10:06:21.757Z LOG [RouterExplorer] Mapped {/api/item-groups/get/:itg_id, GET} (version: 1) route
2026-02-12T10:06:21.757Z LOG [RouterExplorer] Mapped {/api/item-groups/delete/:itg_id, DELETE} (version: 1) route
2026-02-12T10:06:21.759Z LOG [NestApplication] Nest application successfully started
2026-02-12T10:08:18.520Z LOG [RequestLoggerMiddleware] GET /api/v1/health 200 - 52.9ms
2026-02-12T10:19:58.095Z LOG [NestFactory] Starting Nest application...
2026-02-12T10:19:58.105Z LOG [InstanceLoader] ThrottlerModule dependencies initialized
2026-02-12T10:19:58.105Z LOG [InstanceLoader] ConfigHostModule dependencies initialized
2026-02-12T10:19:58.105Z LOG [InstanceLoader] AppModule dependencies initialized
2026-02-12T10:19:58.106Z LOG [InstanceLoader] ConfigModule dependencies initialized
2026-02-12T10:19:58.109Z LOG [InstanceLoader] PrismaModule dependencies initialized
2026-02-12T10:19:58.109Z LOG [InstanceLoader] HealthModule dependencies initialized
2026-02-12T10:19:58.109Z LOG [InstanceLoader] UsersModule dependencies initialized
2026-02-12T10:19:58.109Z LOG [InstanceLoader] ItemsGroupMasterModule dependencies initialized
2026-02-12T10:19:58.138Z LOG [RoutesResolver] HealthController {/api/health} (version: 1):
2026-02-12T10:19:58.139Z LOG [RouterExplorer] Mapped {/api/health, GET} (version: 1) route
2026-02-12T10:19:58.140Z LOG [RoutesResolver] UsersController {/api/users} (version: 1):
2026-02-12T10:19:58.140Z LOG [RouterExplorer] Mapped {/api/users, POST} (version: 1) route
2026-02-12T10:19:58.140Z LOG [RouterExplorer] Mapped {/api/users, GET} (version: 1) route
2026-02-12T10:19:58.141Z LOG [RouterExplorer] Mapped {/api/users/:id, GET} (version: 1) route
2026-02-12T10:19:58.141Z LOG [RouterExplorer] Mapped {/api/users/:id, PATCH} (version: 1) route
2026-02-12T10:19:58.141Z LOG [RouterExplorer] Mapped {/api/users/:id, DELETE} (version: 1) route
2026-02-12T10:19:58.141Z LOG [RoutesResolver] ItemsGroupMasterController {/api/item-groups} (version: 1):
2026-02-12T10:19:58.142Z LOG [RouterExplorer] Mapped {/api/item-groups/create, POST} (version: 1) route
2026-02-12T10:19:58.142Z LOG [RouterExplorer] Mapped {/api/item-groups/list, GET} (version: 1) route
2026-02-12T10:19:58.142Z LOG [RouterExplorer] Mapped {/api/item-groups/get/:itg_id, GET} (version: 1) route
2026-02-12T10:19:58.143Z LOG [RouterExplorer] Mapped {/api/item-groups/delete/:itg_id, DELETE} (version: 1) route
2026-02-12T10:19:58.145Z LOG [NestApplication] Nest application successfully started
2026-02-12T10:22:06.981Z LOG [RequestLoggerMiddleware] POST /api/v1/item-groups/create 400 - 7.9ms
2026-02-12T10:22:55.451Z LOG [RequestLoggerMiddleware] POST /api/v1/item-groups/create 400 - 2.0ms
2026-02-12T10:27:53.636Z LOG [NestFactory] Starting Nest application...
2026-02-12T10:27:53.645Z LOG [InstanceLoader] ThrottlerModule dependencies initialized
2026-02-12T10:27:53.645Z LOG [InstanceLoader] ConfigHostModule dependencies initialized
2026-02-12T10:27:53.645Z LOG [InstanceLoader] AppModule dependencies initialized
2026-02-12T10:27:53.645Z LOG [InstanceLoader] ConfigModule dependencies initialized
2026-02-12T10:27:53.648Z LOG [InstanceLoader] PrismaModule dependencies initialized
2026-02-12T10:27:53.648Z LOG [InstanceLoader] HealthModule dependencies initialized
2026-02-12T10:27:53.648Z LOG [InstanceLoader] UsersModule dependencies initialized
2026-02-12T10:27:53.649Z LOG [InstanceLoader] ItemsGroupMasterModule dependencies initialized
2026-02-12T10:27:53.673Z LOG [RoutesResolver] HealthController {/api/health} (version: 1):
2026-02-12T10:27:53.674Z LOG [RouterExplorer] Mapped {/api/health, GET} (version: 1) route
2026-02-12T10:27:53.674Z LOG [RoutesResolver] UsersController {/api/users} (version: 1):
2026-02-12T10:27:53.674Z LOG [RouterExplorer] Mapped {/api/users, POST} (version: 1) route
2026-02-12T10:27:53.675Z LOG [RouterExplorer] Mapped {/api/users, GET} (version: 1) route
2026-02-12T10:27:53.675Z LOG [RouterExplorer] Mapped {/api/users/:id, GET} (version: 1) route
2026-02-12T10:27:53.675Z LOG [RouterExplorer] Mapped {/api/users/:id, PATCH} (version: 1) route
2026-02-12T10:27:53.675Z LOG [RouterExplorer] Mapped {/api/users/:id, DELETE} (version: 1) route
2026-02-12T10:27:53.675Z LOG [RoutesResolver] ItemsGroupMasterController {/api/item-groups} (version: 1):
2026-02-12T10:27:53.676Z LOG [RouterExplorer] Mapped {/api/item-groups/create, POST} (version: 1) route
2026-02-12T10:27:53.676Z LOG [RouterExplorer] Mapped {/api/item-groups/list, GET} (version: 1) route
2026-02-12T10:27:53.676Z LOG [RouterExplorer] Mapped {/api/item-groups/get/:itg_id, GET} (version: 1) route
2026-02-12T10:27:53.676Z LOG [RouterExplorer] Mapped {/api/item-groups/delete/:itg_id, DELETE} (version: 1) route
2026-02-12T10:27:53.678Z LOG [NestApplication] Nest application successfully started
2026-02-12T10:27:57.921Z LOG [NestFactory] Starting Nest application...
2026-02-12T10:27:57.929Z LOG [InstanceLoader] ThrottlerModule dependencies initialized
2026-02-12T10:27:57.929Z LOG [InstanceLoader] ConfigHostModule dependencies initialized
2026-02-12T10:27:57.930Z LOG [InstanceLoader] AppModule dependencies initialized
2026-02-12T10:27:57.930Z LOG [InstanceLoader] ConfigModule dependencies initialized
2026-02-12T10:27:57.932Z LOG [InstanceLoader] PrismaModule dependencies initialized
2026-02-12T10:27:57.933Z LOG [InstanceLoader] HealthModule dependencies initialized
2026-02-12T10:27:57.933Z LOG [InstanceLoader] UsersModule dependencies initialized
2026-02-12T10:27:57.933Z LOG [InstanceLoader] ItemsGroupMasterModule dependencies initialized
2026-02-12T10:27:57.956Z LOG [RoutesResolver] HealthController {/api/health} (version: 1):
2026-02-12T10:27:57.957Z LOG [RouterExplorer] Mapped {/api/health, GET} (version: 1) route
2026-02-12T10:27:57.957Z LOG [RoutesResolver] UsersController {/api/users} (version: 1):
2026-02-12T10:27:57.958Z LOG [RouterExplorer] Mapped {/api/users, POST} (version: 1) route
2026-02-12T10:27:57.958Z LOG [RouterExplorer] Mapped {/api/users, GET} (version: 1) route
2026-02-12T10:27:57.958Z LOG [RouterExplorer] Mapped {/api/users/:id, GET} (version: 1) route
2026-02-12T10:27:57.958Z LOG [RouterExplorer] Mapped {/api/users/:id, PATCH} (version: 1) route
2026-02-12T10:27:57.959Z LOG [RouterExplorer] Mapped {/api/users/:id, DELETE} (version: 1) route
2026-02-12T10:27:57.959Z LOG [RoutesResolver] ItemsGroupMasterController {/api/item-groups} (version: 1):
2026-02-12T10:27:57.959Z LOG [RouterExplorer] Mapped {/api/item-groups/create, POST} (version: 1) route
2026-02-12T10:27:57.959Z LOG [RouterExplorer] Mapped {/api/item-groups/list, GET} (version: 1) route
2026-02-12T10:27:57.959Z LOG [RouterExplorer] Mapped {/api/item-groups/get/:itg_id, GET} (version: 1) route
2026-02-12T10:27:57.960Z LOG [RouterExplorer] Mapped {/api/item-groups/delete/:itg_id, DELETE} (version: 1) route
2026-02-12T10:27:57.961Z LOG [NestApplication] Nest application successfully started
2026-02-12T10:31:15.956Z LOG [NestFactory] Starting Nest application...
2026-02-12T10:31:15.967Z LOG [InstanceLoader] ThrottlerModule dependencies initialized
2026-02-12T10:31:15.968Z LOG [InstanceLoader] ConfigHostModule dependencies initialized
2026-02-12T10:31:15.968Z LOG [InstanceLoader] AppModule dependencies initialized
2026-02-12T10:31:15.968Z LOG [InstanceLoader] ConfigModule dependencies initialized
2026-02-12T10:31:15.971Z LOG [InstanceLoader] PrismaModule dependencies initialized
2026-02-12T10:31:15.972Z LOG [InstanceLoader] HealthModule dependencies initialized
2026-02-12T10:31:15.972Z LOG [InstanceLoader] UsersModule dependencies initialized
2026-02-12T10:31:15.972Z LOG [InstanceLoader] ItemsGroupMasterModule dependencies initialized
2026-02-12T10:31:16.000Z LOG [RoutesResolver] HealthController {/api/health} (version: 1):
2026-02-12T10:31:16.001Z LOG [RouterExplorer] Mapped {/api/health, GET} (version: 1) route
2026-02-12T10:31:16.001Z LOG [RoutesResolver] UsersController {/api/users} (version: 1):
2026-02-12T10:31:16.002Z LOG [RouterExplorer] Mapped {/api/users, POST} (version: 1) route
2026-02-12T10:31:16.002Z LOG [RouterExplorer] Mapped {/api/users, GET} (version: 1) route
2026-02-12T10:31:16.002Z LOG [RouterExplorer] Mapped {/api/users/:id, GET} (version: 1) route
2026-02-12T10:31:16.003Z LOG [RouterExplorer] Mapped {/api/users/:id, PATCH} (version: 1) route
2026-02-12T10:31:16.003Z LOG [RouterExplorer] Mapped {/api/users/:id, DELETE} (version: 1) route
2026-02-12T10:31:16.003Z LOG [RoutesResolver] ItemsGroupMasterController {/api/item-groups} (version: 1):
2026-02-12T10:31:16.003Z LOG [RouterExplorer] Mapped {/api/item-groups/create, POST} (version: 1) route
2026-02-12T10:31:16.003Z LOG [RouterExplorer] Mapped {/api/item-groups/list, GET} (version: 1) route
2026-02-12T10:31:16.004Z LOG [RouterExplorer] Mapped {/api/item-groups/get/:itg_id, GET} (version: 1) route
2026-02-12T10:31:16.004Z LOG [RouterExplorer] Mapped {/api/item-groups/delete/:itg_id, DELETE} (version: 1) route
2026-02-12T10:31:16.006Z LOG [NestApplication] Nest application successfully started
2026-02-12T10:37:42.474Z LOG [RequestLoggerMiddleware] POST /api/v1/item-groups/create 500 - 81.9ms
2026-02-12T10:40:50.293Z LOG [RequestLoggerMiddleware] POST /api/v1/item-groups/create 400 - 2.3ms
2026-02-12T10:41:57.440Z LOG [NestFactory] Starting Nest application...
2026-02-12T10:41:57.449Z LOG [InstanceLoader] ThrottlerModule dependencies initialized
2026-02-12T10:41:57.449Z LOG [InstanceLoader] ConfigHostModule dependencies initialized
2026-02-12T10:41:57.449Z LOG [InstanceLoader] AppModule dependencies initialized
2026-02-12T10:41:57.449Z LOG [InstanceLoader] ConfigModule dependencies initialized
2026-02-12T10:41:57.453Z LOG [InstanceLoader] PrismaModule dependencies initialized
2026-02-12T10:41:57.453Z LOG [InstanceLoader] HealthModule dependencies initialized
2026-02-12T10:41:57.453Z LOG [InstanceLoader] UsersModule dependencies initialized
2026-02-12T10:41:57.453Z LOG [InstanceLoader] ItemsGroupMasterModule dependencies initialized
2026-02-12T10:41:57.481Z LOG [RoutesResolver] HealthController {/api/health} (version: 1):
2026-02-12T10:41:57.482Z LOG [RouterExplorer] Mapped {/api/health, GET} (version: 1) route
2026-02-12T10:41:57.482Z LOG [RoutesResolver] UsersController {/api/users} (version: 1):
2026-02-12T10:41:57.483Z LOG [RouterExplorer] Mapped {/api/users, POST} (version: 1) route
2026-02-12T10:41:57.483Z LOG [RouterExplorer] Mapped {/api/users, GET} (version: 1) route
2026-02-12T10:41:57.483Z LOG [RouterExplorer] Mapped {/api/users/:id, GET} (version: 1) route
2026-02-12T10:41:57.483Z LOG [RouterExplorer] Mapped {/api/users/:id, PATCH} (version: 1) route
2026-02-12T10:41:57.483Z LOG [RouterExplorer] Mapped {/api/users/:id, DELETE} (version: 1) route
2026-02-12T10:41:57.484Z LOG [RoutesResolver] ItemsGroupMasterController {/api/item-groups} (version: 1):
2026-02-12T10:41:57.484Z LOG [RouterExplorer] Mapped {/api/item-groups/create, POST} (version: 1) route
2026-02-12T10:41:57.484Z LOG [RouterExplorer] Mapped {/api/item-groups/list, GET} (version: 1) route
2026-02-12T10:41:57.484Z LOG [RouterExplorer] Mapped {/api/item-groups/get/:itg_id, GET} (version: 1) route
2026-02-12T10:41:57.485Z LOG [RouterExplorer] Mapped {/api/item-groups/delete/:itg_id, DELETE} (version: 1) route
2026-02-12T10:41:57.486Z LOG [NestApplication] Nest application successfully started
2026-02-12T10:42:34.173Z LOG [RequestLoggerMiddleware] POST /api/v1/item-groups/create 400 - 9.2ms
2026-02-12T10:44:05.314Z LOG [NestFactory] Starting Nest application...
2026-02-12T10:44:05.323Z LOG [InstanceLoader] ThrottlerModule dependencies initialized
2026-02-12T10:44:05.324Z LOG [InstanceLoader] ConfigHostModule dependencies initialized
2026-02-12T10:44:05.324Z LOG [InstanceLoader] AppModule dependencies initialized
2026-02-12T10:44:05.324Z LOG [InstanceLoader] ConfigModule dependencies initialized
2026-02-12T10:44:05.327Z LOG [InstanceLoader] PrismaModule dependencies initialized
2026-02-12T10:44:05.328Z LOG [InstanceLoader] HealthModule dependencies initialized
2026-02-12T10:44:05.328Z LOG [InstanceLoader] UsersModule dependencies initialized
2026-02-12T10:44:05.328Z LOG [InstanceLoader] ItemsGroupMasterModule dependencies initialized
2026-02-12T10:44:05.355Z LOG [RoutesResolver] HealthController {/api/health} (version: 1):
2026-02-12T10:44:05.356Z LOG [RouterExplorer] Mapped {/api/health, GET} (version: 1) route
2026-02-12T10:44:05.356Z LOG [RoutesResolver] UsersController {/api/users} (version: 1):
2026-02-12T10:44:05.357Z LOG [RouterExplorer] Mapped {/api/users, POST} (version: 1) route
2026-02-12T10:44:05.357Z LOG [RouterExplorer] Mapped {/api/users, GET} (version: 1) route
2026-02-12T10:44:05.357Z LOG [RouterExplorer] Mapped {/api/users/:id, GET} (version: 1) route
2026-02-12T10:44:05.357Z LOG [RouterExplorer] Mapped {/api/users/:id, PATCH} (version: 1) route
2026-02-12T10:44:05.358Z LOG [RouterExplorer] Mapped {/api/users/:id, DELETE} (version: 1) route
2026-02-12T10:44:05.358Z LOG [RoutesResolver] ItemsGroupMasterController {/api/item-groups} (version: 1):
2026-02-12T10:44:05.358Z LOG [RouterExplorer] Mapped {/api/item-groups/create, POST} (version: 1) route
2026-02-12T10:44:05.358Z LOG [RouterExplorer] Mapped {/api/item-groups/list, GET} (version: 1) route
2026-02-12T10:44:05.359Z LOG [RouterExplorer] Mapped {/api/item-groups/get/:itg_id, GET} (version: 1) route
2026-02-12T10:44:05.359Z LOG [RouterExplorer] Mapped {/api/item-groups/delete/:itg_id, DELETE} (version: 1) route
2026-02-12T10:44:05.360Z LOG [NestApplication] Nest application successfully started
2026-02-12T10:44:21.230Z LOG [NestFactory] Starting Nest application...
2026-02-12T10:44:21.240Z LOG [InstanceLoader] ThrottlerModule dependencies initialized
2026-02-12T10:44:21.240Z LOG [InstanceLoader] ConfigHostModule dependencies initialized
2026-02-12T10:44:21.240Z LOG [InstanceLoader] AppModule dependencies initialized
2026-02-12T10:44:21.240Z LOG [InstanceLoader] ConfigModule dependencies initialized
2026-02-12T10:44:21.243Z LOG [InstanceLoader] PrismaModule dependencies initialized
2026-02-12T10:44:21.244Z LOG [InstanceLoader] HealthModule dependencies initialized
2026-02-12T10:44:21.244Z LOG [InstanceLoader] UsersModule dependencies initialized
2026-02-12T10:44:21.244Z LOG [InstanceLoader] ItemsGroupMasterModule dependencies initialized
2026-02-12T10:44:21.270Z LOG [RoutesResolver] HealthController {/api/health} (version: 1):
2026-02-12T10:44:21.272Z LOG [RouterExplorer] Mapped {/api/health, GET} (version: 1) route
2026-02-12T10:44:21.272Z LOG [RoutesResolver] UsersController {/api/users} (version: 1):
2026-02-12T10:44:21.272Z LOG [RouterExplorer] Mapped {/api/users, POST} (version: 1) route
2026-02-12T10:44:21.272Z LOG [RouterExplorer] Mapped {/api/users, GET} (version: 1) route
2026-02-12T10:44:21.272Z LOG [RouterExplorer] Mapped {/api/users/:id, GET} (version: 1) route
2026-02-12T10:44:21.273Z LOG [RouterExplorer] Mapped {/api/users/:id, PATCH} (version: 1) route
2026-02-12T10:44:21.273Z LOG [RouterExplorer] Mapped {/api/users/:id, DELETE} (version: 1) route
2026-02-12T10:44:21.273Z LOG [RoutesResolver] ItemsGroupMasterController {/api/item-groups} (version: 1):
2026-02-12T10:44:21.273Z LOG [RouterExplorer] Mapped {/api/item-groups/create, POST} (version: 1) route
2026-02-12T10:44:21.273Z LOG [RouterExplorer] Mapped {/api/item-groups/list, GET} (version: 1) route
2026-02-12T10:44:21.274Z LOG [RouterExplorer] Mapped {/api/item-groups/get/:itg_id, GET} (version: 1) route
2026-02-12T10:44:21.274Z LOG [RouterExplorer] Mapped {/api/item-groups/delete/:itg_id, DELETE} (version: 1) route
2026-02-12T10:44:21.276Z LOG [NestApplication] Nest application successfully started
2026-02-12T10:45:00.827Z LOG [RequestLoggerMiddleware] POST /api/v1/item-groups/create 500 - 74.7ms
2026-02-12T10:56:38.745Z LOG [NestFactory] Starting Nest application...
2026-02-12T10:56:38.753Z LOG [InstanceLoader] ThrottlerModule dependencies initialized
2026-02-12T10:56:38.753Z LOG [InstanceLoader] ConfigHostModule dependencies initialized
2026-02-12T10:56:38.753Z LOG [InstanceLoader] AppModule dependencies initialized
2026-02-12T10:56:38.753Z LOG [InstanceLoader] ConfigModule dependencies initialized
2026-02-12T10:56:38.756Z LOG [InstanceLoader] PrismaModule dependencies initialized
2026-02-12T10:56:38.757Z LOG [InstanceLoader] HealthModule dependencies initialized
2026-02-12T10:56:38.757Z LOG [InstanceLoader] UsersModule dependencies initialized
2026-02-12T10:56:38.757Z LOG [InstanceLoader] ItemsGroupMasterModule dependencies initialized
2026-02-12T10:56:38.785Z LOG [RoutesResolver] HealthController {/api/health} (version: 1):
2026-02-12T10:56:38.786Z LOG [RouterExplorer] Mapped {/api/health, GET} (version: 1) route
2026-02-12T10:56:38.786Z LOG [RoutesResolver] UsersController {/api/users} (version: 1):
2026-02-12T10:56:38.787Z LOG [RouterExplorer] Mapped {/api/users, POST} (version: 1) route
2026-02-12T10:56:38.787Z LOG [RouterExplorer] Mapped {/api/users, GET} (version: 1) route
2026-02-12T10:56:38.787Z LOG [RouterExplorer] Mapped {/api/users/:id, GET} (version: 1) route
2026-02-12T10:56:38.787Z LOG [RouterExplorer] Mapped {/api/users/:id, PATCH} (version: 1) route
2026-02-12T10:56:38.787Z LOG [RouterExplorer] Mapped {/api/users/:id, DELETE} (version: 1) route
2026-02-12T10:56:38.788Z LOG [RoutesResolver] ItemsGroupMasterController {/api/item-groups} (version: 1):
2026-02-12T10:56:38.788Z LOG [RouterExplorer] Mapped {/api/item-groups/create, POST} (version: 1) route
2026-02-12T10:56:38.788Z LOG [RouterExplorer] Mapped {/api/item-groups/list, GET} (version: 1) route
2026-02-12T10:56:38.788Z LOG [RouterExplorer] Mapped {/api/item-groups/get/:itg_id, GET} (version: 1) route
2026-02-12T10:56:38.789Z LOG [RouterExplorer] Mapped {/api/item-groups/delete/:itg_id, DELETE} (version: 1) route
2026-02-12T10:56:38.790Z LOG [NestApplication] Nest application successfully started
2026-02-12T10:56:43.259Z LOG [RequestLoggerMiddleware] POST /api/v1/item-groups/create 201 - 57.3ms
2026-02-12T11:00:14.590Z LOG [RequestLoggerMiddleware] GET /api/v1/item-groups/list?itg_is_active=true&page=1&limit=20 200 - 10.9ms
2026-02-12T11:00:30.532Z LOG [RequestLoggerMiddleware] GET /api/v1/item-groups/list?itg_is_active=true&page=2&limit=20 200 - 2.5ms
2026-02-12T11:02:55.110Z LOG [RequestLoggerMiddleware] GET /api/v1/item-groups/list?itg_is_active=true&page=2&limit=2 200 - 7.1ms
2026-02-12T11:03:01.628Z LOG [RequestLoggerMiddleware] GET /api/v1/item-groups/list?itg_is_active=true&page=1&limit=2 200 - 2.8ms
2026-02-12T11:07:05.285Z LOG [RequestLoggerMiddleware] GET /api/v1/item-groups/list?itg_is_active=true&page=1&limit=2 200 - 10.8ms
2026-02-12T11:07:18.280Z LOG [RequestLoggerMiddleware] GET /api/v1/item-groups/list 200 - 5.0ms
2026-02-12T11:08:18.099Z LOG [RequestLoggerMiddleware] GET /api/v1/item-groups/get/019c5187-a374-7a14-b347-bd2912f8325e 200 - 9.0ms
2026-02-12T11:10:12.015Z LOG [RequestLoggerMiddleware] GET /api/v1/item-groups/list 200 - 15.2ms
2026-02-12T11:22:12.400Z LOG [RequestLoggerMiddleware] GET /api/v1/item-groups/list 304 - 16.7ms
2026-02-12T11:22:21.910Z LOG [RequestLoggerMiddleware] GET /api/v1/item-groups/list?itg_is_active=true 200 - 12.1ms
2026-02-12T11:22:40.337Z LOG [RequestLoggerMiddleware] GET /api/v1/item-groups/list?itg_is_active=false 200 - 11.6ms
2026-02-12T11:24:21.406Z LOG [RequestLoggerMiddleware] GET /api/v1/item-groups/list?itg_is_active=false 304 - 11.6ms
2026-02-12T11:25:05.563Z LOG [RequestLoggerMiddleware] GET /api/v1/item-groups/list?itg_is_active=false&search=sdsd 200 - 31.2ms
2026-02-12T11:25:21.184Z LOG [RequestLoggerMiddleware] GET /api/v1/item-groups/list?itg_is_active=false&page=1&limit=10 200 - 9.1ms
2026-02-12T11:26:09.350Z LOG [RequestLoggerMiddleware] GET /api/v1/item-groups/list?itg_parent_id=019c5187-a374-752a-884b-4b3cec593a6e&itg_is_active=false&page=1&limit=10 200 - 2.1ms
2026-02-12T11:26:44.319Z LOG [RequestLoggerMiddleware] GET /api/v1/item-groups/list?itg_parent_id=019c5187-a374-752a-884b-4b3cec593a6e&itg_is_active=true&page=1&limit=10 200 - 1.8ms
2026-02-12T11:27:18.661Z LOG [RequestLoggerMiddleware] GET /api/v1/item-groups/list?itg_parent_id=019c5187-a374-752a-884b-4b3cec593a6e&itg_is_active=true&page=1&limit=10 304 - 8.4ms
2026-02-12T11:28:51.647Z LOG [RequestLoggerMiddleware] GET /api/v1/item-groups/list?itg_is_active=true&page=1&limit=10 200 - 10.1ms
2026-02-12T11:32:13.308Z LOG [RequestLoggerMiddleware] GET /api/v1/item-groups/list?itg_is_active=true 304 - 12.3ms
2026-02-12T11:32:57.037Z LOG [RequestLoggerMiddleware] GET /api/v1/item-groups/list?itg_is_active=true&search=Bulk%20Group%204142-19997 200 - 38.8ms
2026-02-12T11:33:05.601Z LOG [RequestLoggerMiddleware] GET /api/v1/item-groups/list?itg_is_active=true&search=Bulk%20Group%204142 200 - 17.9ms
2026-02-12T11:34:48.074Z LOG [RequestLoggerMiddleware] POST /api/v1/item-groups/create 201 - 3.8ms
2026-02-12T11:35:08.904Z LOG [RequestLoggerMiddleware] GET /api/v1/item-groups/get/019c518b-184b-76f0-a943-ea01f4b8a45d 200 - 2.2ms
2026-02-12T11:53:43.195Z LOG [RequestLoggerMiddleware] GET /api/v1/item-groups/list?itg_is_active=true 200 - 17.0ms
2026-02-12T12:02:06.346Z LOG [RequestLoggerMiddleware] GET /api/v1/item-groups/list?itg_is_active=true 304 - 16.7ms
2026-02-12T12:41:03.439Z LOG [RequestLoggerMiddleware] GET /api/v1/item-groups/list 200 - 16.8ms
2026-02-12T12:54:54.314Z LOG [RequestLoggerMiddleware] GET /api/v1/item-groups/list 200 - 22.8ms
2026-02-12T12:54:54.377Z LOG [RequestLoggerMiddleware] GET /api/v1/item-groups/list 304 - 19.1ms
2026-02-12T13:00:34.649Z LOG [RequestLoggerMiddleware] GET /api/v1/item-groups/list 304 - 23.8ms
2026-02-12T13:01:24.054Z LOG [RequestLoggerMiddleware] GET /api/v1/item-groups/list 304 - 15.9ms
2026-02-12T13:01:24.907Z LOG [RequestLoggerMiddleware] GET /api/v1/item-groups/list 304 - 14.4ms
2026-02-12T13:01:26.121Z LOG [RequestLoggerMiddleware] GET /api/v1/item-groups/list 304 - 14.6ms
2026-02-12T13:01:28.053Z LOG [RequestLoggerMiddleware] GET /api/v1/item-groups/list 304 - 12.8ms
2026-02-12T13:16:26.047Z LOG [RequestLoggerMiddleware] GET /api/v1/item-groups/list 304 - 14.0ms
2026-02-12T13:16:26.879Z LOG [RequestLoggerMiddleware] GET /api/v1/item-groups/list 304 - 11.5ms
2026-02-12T13:17:26.606Z LOG [RequestLoggerMiddleware] GET /api/v1/item-groups/list 304 - 10.8ms
2026-02-12T13:17:26.780Z LOG [RequestLoggerMiddleware] GET /api/v1/item-groups/list 304 - 12.6ms
2026-02-12T13:17:27.623Z LOG [RequestLoggerMiddleware] GET /api/v1/item-groups/list 304 - 10.8ms
2026-02-12T13:17:54.603Z LOG [RequestLoggerMiddleware] GET /api/v1/item-groups/list 304 - 11.2ms
2026-02-12T13:20:56.435Z LOG [RequestLoggerMiddleware] GET /api/v1/item-groups/list 304 - 15.5ms
2026-02-12T13:20:56.453Z LOG [RequestLoggerMiddleware] GET /api/v1/item-groups/list 304 - 15.5ms
2026-02-12T13:21:09.498Z LOG [RequestLoggerMiddleware] GET /api/v1/item-groups/list 304 - 13.9ms
2026-02-12T13:21:10.571Z LOG [RequestLoggerMiddleware] GET /api/v1/item-groups/list 304 - 10.3ms
2026-02-13T05:55:38.083Z LOG [NestFactory] Starting Nest application...
2026-02-13T05:55:38.092Z LOG [InstanceLoader] ThrottlerModule dependencies initialized
2026-02-13T05:55:38.093Z LOG [InstanceLoader] ConfigHostModule dependencies initialized
2026-02-13T05:55:38.093Z LOG [InstanceLoader] AppModule dependencies initialized
2026-02-13T05:55:38.093Z LOG [InstanceLoader] ConfigModule dependencies initialized
2026-02-13T05:55:38.096Z LOG [InstanceLoader] PrismaModule dependencies initialized
2026-02-13T05:55:38.096Z LOG [InstanceLoader] HealthModule dependencies initialized
2026-02-13T05:55:38.096Z LOG [InstanceLoader] UsersModule dependencies initialized
2026-02-13T05:55:38.096Z LOG [InstanceLoader] ItemsGroupMasterModule dependencies initialized
2026-02-13T05:55:38.124Z LOG [RoutesResolver] HealthController {/api/health} (version: 1):
2026-02-13T05:55:38.126Z LOG [RouterExplorer] Mapped {/api/health, GET} (version: 1) route
2026-02-13T05:55:38.126Z LOG [RoutesResolver] UsersController {/api/users} (version: 1):
2026-02-13T05:55:38.126Z LOG [RouterExplorer] Mapped {/api/users, POST} (version: 1) route
2026-02-13T05:55:38.126Z LOG [RouterExplorer] Mapped {/api/users, GET} (version: 1) route
2026-02-13T05:55:38.127Z LOG [RouterExplorer] Mapped {/api/users/:id, GET} (version: 1) route
2026-02-13T05:55:38.127Z LOG [RouterExplorer] Mapped {/api/users/:id, PATCH} (version: 1) route
2026-02-13T05:55:38.127Z LOG [RouterExplorer] Mapped {/api/users/:id, DELETE} (version: 1) route
2026-02-13T05:55:38.127Z LOG [RoutesResolver] ItemsGroupMasterController {/api/item-groups} (version: 1):
2026-02-13T05:55:38.128Z LOG [RouterExplorer] Mapped {/api/item-groups/create, POST} (version: 1) route
2026-02-13T05:55:38.128Z LOG [RouterExplorer] Mapped {/api/item-groups/list, GET} (version: 1) route
2026-02-13T05:55:38.128Z LOG [RouterExplorer] Mapped {/api/item-groups/get/:itg_id, GET} (version: 1) route
2026-02-13T05:55:38.129Z LOG [RouterExplorer] Mapped {/api/item-groups/delete/:itg_id, DELETE} (version: 1) route
2026-02-13T05:55:38.131Z LOG [NestApplication] Nest application successfully started
2026-02-13T06:00:12.149Z LOG [RequestLoggerMiddleware] GET /api/v1/docs 404 - 1.0ms
2026-02-13T06:01:49.581Z LOG [NestFactory] Starting Nest application...
2026-02-13T06:01:49.591Z LOG [InstanceLoader] ThrottlerModule dependencies initialized
2026-02-13T06:01:49.591Z LOG [InstanceLoader] ConfigHostModule dependencies initialized
2026-02-13T06:01:49.591Z LOG [InstanceLoader] AppModule dependencies initialized
2026-02-13T06:01:49.592Z LOG [InstanceLoader] ConfigModule dependencies initialized
2026-02-13T06:01:49.596Z LOG [InstanceLoader] PrismaModule dependencies initialized
2026-02-13T06:01:49.596Z LOG [InstanceLoader] HealthModule dependencies initialized
2026-02-13T06:01:49.597Z LOG [InstanceLoader] UsersModule dependencies initialized
2026-02-13T06:01:49.597Z LOG [InstanceLoader] ItemsGroupMasterModule dependencies initialized
2026-02-13T06:01:49.627Z LOG [RoutesResolver] HealthController {/api/health} (version: 1):
2026-02-13T06:01:49.629Z LOG [RouterExplorer] Mapped {/api/health, GET} (version: 1) route
2026-02-13T06:01:49.629Z LOG [RoutesResolver] UsersController {/api/users} (version: 1):
2026-02-13T06:01:49.630Z LOG [RouterExplorer] Mapped {/api/users, POST} (version: 1) route
2026-02-13T06:01:49.630Z LOG [RouterExplorer] Mapped {/api/users, GET} (version: 1) route
2026-02-13T06:01:49.630Z LOG [RouterExplorer] Mapped {/api/users/:id, GET} (version: 1) route
2026-02-13T06:01:49.630Z LOG [RouterExplorer] Mapped {/api/users/:id, PATCH} (version: 1) route
2026-02-13T06:01:49.631Z LOG [RouterExplorer] Mapped {/api/users/:id, DELETE} (version: 1) route
2026-02-13T06:01:49.631Z LOG [RoutesResolver] ItemsGroupMasterController {/api/item-groups} (version: 1):
2026-02-13T06:01:49.631Z LOG [RouterExplorer] Mapped {/api/item-groups/create, POST} (version: 1) route
2026-02-13T06:01:49.631Z LOG [RouterExplorer] Mapped {/api/item-groups/list, GET} (version: 1) route
2026-02-13T06:01:49.631Z LOG [RouterExplorer] Mapped {/api/item-groups/get/:itg_id, GET} (version: 1) route
2026-02-13T06:01:49.632Z LOG [RouterExplorer] Mapped {/api/item-groups/delete/:itg_id, DELETE} (version: 1) route
2026-02-13T06:01:49.633Z LOG [NestApplication] Nest application successfully started
2026-02-13T06:01:49.692Z LOG [Bootstrap] API docs URL: https://[::1]:3010/api/docs
2026-02-13T06:01:49.693Z LOG [Bootstrap] DB connected: true
2026-02-13T06:02:03.733Z LOG [NestFactory] Starting Nest application...
2026-02-13T06:02:03.742Z LOG [InstanceLoader] ThrottlerModule dependencies initialized
2026-02-13T06:02:03.742Z LOG [InstanceLoader] ConfigHostModule dependencies initialized
2026-02-13T06:02:03.742Z LOG [InstanceLoader] AppModule dependencies initialized
2026-02-13T06:02:03.742Z LOG [InstanceLoader] ConfigModule dependencies initialized
2026-02-13T06:02:03.744Z LOG [InstanceLoader] PrismaModule dependencies initialized
2026-02-13T06:02:03.745Z LOG [InstanceLoader] HealthModule dependencies initialized
2026-02-13T06:02:03.745Z LOG [InstanceLoader] UsersModule dependencies initialized
2026-02-13T06:02:03.745Z LOG [InstanceLoader] ItemsGroupMasterModule dependencies initialized
2026-02-13T06:02:03.768Z LOG [RoutesResolver] HealthController {/api/health} (version: 1):
2026-02-13T06:02:03.769Z LOG [RouterExplorer] Mapped {/api/health, GET} (version: 1) route
2026-02-13T06:02:03.769Z LOG [RoutesResolver] UsersController {/api/users} (version: 1):
2026-02-13T06:02:03.769Z LOG [RouterExplorer] Mapped {/api/users, POST} (version: 1) route
2026-02-13T06:02:03.770Z LOG [RouterExplorer] Mapped {/api/users, GET} (version: 1) route
2026-02-13T06:02:03.770Z LOG [RouterExplorer] Mapped {/api/users/:id, GET} (version: 1) route
2026-02-13T06:02:03.770Z LOG [RouterExplorer] Mapped {/api/users/:id, PATCH} (version: 1) route
2026-02-13T06:02:03.770Z LOG [RouterExplorer] Mapped {/api/users/:id, DELETE} (version: 1) route
2026-02-13T06:02:03.770Z LOG [RoutesResolver] ItemsGroupMasterController {/api/item-groups} (version: 1):
2026-02-13T06:02:03.770Z LOG [RouterExplorer] Mapped {/api/item-groups/create, POST} (version: 1) route
2026-02-13T06:02:03.771Z LOG [RouterExplorer] Mapped {/api/item-groups/list, GET} (version: 1) route
2026-02-13T06:02:03.771Z LOG [RouterExplorer] Mapped {/api/item-groups/get/:itg_id, GET} (version: 1) route
2026-02-13T06:02:03.771Z LOG [RouterExplorer] Mapped {/api/item-groups/delete/:itg_id, DELETE} (version: 1) route
2026-02-13T06:02:03.773Z LOG [NestApplication] Nest application successfully started
2026-02-13T06:02:03.773Z ERROR [NestApplication] Error: listen EPERM: operation not permitted 0.0.0.0:3010
2026-02-13T06:03:03.687Z LOG [NestFactory] Starting Nest application...
2026-02-13T06:03:03.695Z LOG [InstanceLoader] ThrottlerModule dependencies initialized
2026-02-13T06:03:03.695Z LOG [InstanceLoader] ConfigHostModule dependencies initialized
2026-02-13T06:03:03.695Z LOG [InstanceLoader] AppModule dependencies initialized
2026-02-13T06:03:03.695Z LOG [InstanceLoader] ConfigModule dependencies initialized
2026-02-13T06:03:03.698Z LOG [InstanceLoader] PrismaModule dependencies initialized
2026-02-13T06:03:03.698Z LOG [InstanceLoader] HealthModule dependencies initialized
2026-02-13T06:03:03.698Z LOG [InstanceLoader] UsersModule dependencies initialized
2026-02-13T06:03:03.698Z LOG [InstanceLoader] ItemsGroupMasterModule dependencies initialized
2026-02-13T06:03:03.721Z LOG [RoutesResolver] HealthController {/api/health} (version: 1):
2026-02-13T06:03:03.723Z LOG [RouterExplorer] Mapped {/api/health, GET} (version: 1) route
2026-02-13T06:03:03.723Z LOG [RoutesResolver] UsersController {/api/users} (version: 1):
2026-02-13T06:03:03.723Z LOG [RouterExplorer] Mapped {/api/users, POST} (version: 1) route
2026-02-13T06:03:03.723Z LOG [RouterExplorer] Mapped {/api/users, GET} (version: 1) route
2026-02-13T06:03:03.723Z LOG [RouterExplorer] Mapped {/api/users/:id, GET} (version: 1) route
2026-02-13T06:03:03.723Z LOG [RouterExplorer] Mapped {/api/users/:id, PATCH} (version: 1) route
2026-02-13T06:03:03.724Z LOG [RouterExplorer] Mapped {/api/users/:id, DELETE} (version: 1) route
2026-02-13T06:03:03.724Z LOG [RoutesResolver] ItemsGroupMasterController {/api/item-groups} (version: 1):
2026-02-13T06:03:03.724Z LOG [RouterExplorer] Mapped {/api/item-groups/create, POST} (version: 1) route
2026-02-13T06:03:03.724Z LOG [RouterExplorer] Mapped {/api/item-groups/list, GET} (version: 1) route
2026-02-13T06:03:03.724Z LOG [RouterExplorer] Mapped {/api/item-groups/get/:itg_id, GET} (version: 1) route
2026-02-13T06:03:03.725Z LOG [RouterExplorer] Mapped {/api/item-groups/delete/:itg_id, DELETE} (version: 1) route
2026-02-13T06:03:03.726Z LOG [NestApplication] Nest application successfully started
2026-02-13T06:03:03.774Z LOG [Bootstrap] API docs URL: https://[::1]:3010/api/docs
2026-02-13T06:03:03.774Z LOG [Bootstrap] DB connected: true
2026-02-13T06:03:47.551Z LOG [RequestLoggerMiddleware] GET /api/v1/docs 404 - 3.4ms
2026-02-13T06:03:48.564Z LOG [RequestLoggerMiddleware] GET /api/v1/docs 404 - 1.0ms
2026-02-13T06:03:50.466Z LOG [NestFactory] Starting Nest application...
2026-02-13T06:03:50.476Z LOG [InstanceLoader] ThrottlerModule dependencies initialized
2026-02-13T06:03:50.477Z LOG [InstanceLoader] ConfigHostModule dependencies initialized
2026-02-13T06:03:50.477Z LOG [InstanceLoader] AppModule dependencies initialized
2026-02-13T06:03:50.477Z LOG [InstanceLoader] ConfigModule dependencies initialized
2026-02-13T06:03:50.480Z LOG [InstanceLoader] PrismaModule dependencies initialized
2026-02-13T06:03:50.480Z LOG [InstanceLoader] HealthModule dependencies initialized
2026-02-13T06:03:50.480Z LOG [InstanceLoader] UsersModule dependencies initialized
2026-02-13T06:03:50.480Z LOG [InstanceLoader] ItemsGroupMasterModule dependencies initialized
2026-02-13T06:03:53.217Z LOG [NestFactory] Starting Nest application...
2026-02-13T06:03:53.226Z LOG [InstanceLoader] ThrottlerModule dependencies initialized
2026-02-13T06:03:53.226Z LOG [InstanceLoader] ConfigHostModule dependencies initialized
2026-02-13T06:03:53.226Z LOG [InstanceLoader] AppModule dependencies initialized
2026-02-13T06:03:53.226Z LOG [InstanceLoader] ConfigModule dependencies initialized
2026-02-13T06:03:53.229Z LOG [InstanceLoader] PrismaModule dependencies initialized
2026-02-13T06:03:53.229Z LOG [InstanceLoader] HealthModule dependencies initialized
2026-02-13T06:03:53.229Z LOG [InstanceLoader] UsersModule dependencies initialized
2026-02-13T06:03:53.229Z LOG [InstanceLoader] ItemsGroupMasterModule dependencies initialized
2026-02-13T06:07:10.215Z LOG [NestFactory] Starting Nest application...
2026-02-13T06:07:10.223Z LOG [InstanceLoader] ThrottlerModule dependencies initialized
2026-02-13T06:07:10.224Z LOG [InstanceLoader] ConfigHostModule dependencies initialized
2026-02-13T06:07:10.224Z LOG [InstanceLoader] AppModule dependencies initialized
2026-02-13T06:07:10.224Z LOG [InstanceLoader] ConfigModule dependencies initialized
2026-02-13T06:07:10.226Z LOG [InstanceLoader] PrismaModule dependencies initialized
2026-02-13T06:07:10.227Z LOG [InstanceLoader] HealthModule dependencies initialized
2026-02-13T06:07:10.227Z LOG [InstanceLoader] UsersModule dependencies initialized
2026-02-13T06:07:10.227Z LOG [InstanceLoader] ItemsGroupMasterModule dependencies initialized
2026-02-13T06:07:10.255Z LOG [RoutesResolver] HealthController {/api/health} (version: 1):
2026-02-13T06:07:10.256Z LOG [RouterExplorer] Mapped {/api/health, GET} (version: 1) route
2026-02-13T06:07:10.257Z LOG [RoutesResolver] UsersController {/api/users} (version: 1):
2026-02-13T06:07:10.257Z LOG [RouterExplorer] Mapped {/api/users, POST} (version: 1) route
2026-02-13T06:07:10.257Z LOG [RouterExplorer] Mapped {/api/users, GET} (version: 1) route
2026-02-13T06:07:10.257Z LOG [RouterExplorer] Mapped {/api/users/:id, GET} (version: 1) route
2026-02-13T06:07:10.258Z LOG [RouterExplorer] Mapped {/api/users/:id, PATCH} (version: 1) route
2026-02-13T06:07:10.258Z LOG [RouterExplorer] Mapped {/api/users/:id, DELETE} (version: 1) route
2026-02-13T06:07:10.258Z LOG [RoutesResolver] ItemsGroupMasterController {/api/item-groups} (version: 1):
2026-02-13T06:07:10.258Z LOG [RouterExplorer] Mapped {/api/item-groups/create, POST} (version: 1) route
2026-02-13T06:07:10.258Z LOG [RouterExplorer] Mapped {/api/item-groups/list, GET} (version: 1) route
2026-02-13T06:07:10.259Z LOG [RouterExplorer] Mapped {/api/item-groups/get/:itg_id, GET} (version: 1) route
2026-02-13T06:07:10.259Z LOG [RouterExplorer] Mapped {/api/item-groups/delete/:itg_id, DELETE} (version: 1) route
2026-02-13T06:07:10.260Z LOG [NestApplication] Nest application successfully started
2026-02-13T06:07:10.320Z LOG [Bootstrap] API docs URL: https://[::1]:3010/api/docs
2026-02-13T06:07:10.320Z LOG [Bootstrap] DB connected: true
2026-02-13T06:11:56.124Z LOG [NestFactory] Starting Nest application...
2026-02-13T06:11:56.132Z LOG [InstanceLoader] ThrottlerModule dependencies initialized
2026-02-13T06:11:56.133Z LOG [InstanceLoader] ConfigHostModule dependencies initialized
2026-02-13T06:11:56.133Z LOG [InstanceLoader] AppModule dependencies initialized
2026-02-13T06:11:56.133Z LOG [InstanceLoader] ConfigModule dependencies initialized
2026-02-13T06:11:56.136Z LOG [InstanceLoader] PrismaModule dependencies initialized
2026-02-13T06:11:56.137Z LOG [InstanceLoader] HealthModule dependencies initialized
2026-02-13T06:11:56.137Z LOG [InstanceLoader] UsersModule dependencies initialized
2026-02-13T06:11:56.137Z LOG [InstanceLoader] ItemsGroupMasterModule dependencies initialized
2026-02-13T06:11:56.166Z LOG [RoutesResolver] HealthController {/api/health} (version: 1):
2026-02-13T06:11:56.168Z LOG [RouterExplorer] Mapped {/api/health, GET} (version: 1) route
2026-02-13T06:11:56.168Z LOG [RoutesResolver] UsersController {/api/users} (version: 1):
2026-02-13T06:11:56.169Z LOG [RouterExplorer] Mapped {/api/users, POST} (version: 1) route
2026-02-13T06:11:56.169Z LOG [RouterExplorer] Mapped {/api/users, GET} (version: 1) route
2026-02-13T06:11:56.169Z LOG [RouterExplorer] Mapped {/api/users/:id, GET} (version: 1) route
2026-02-13T06:11:56.169Z LOG [RouterExplorer] Mapped {/api/users/:id, PATCH} (version: 1) route
2026-02-13T06:11:56.170Z LOG [RouterExplorer] Mapped {/api/users/:id, DELETE} (version: 1) route
2026-02-13T06:11:56.170Z LOG [RoutesResolver] ItemsGroupMasterController {/api/item-groups} (version: 1):
2026-02-13T06:11:56.170Z LOG [RouterExplorer] Mapped {/api/item-groups/create, POST} (version: 1) route
2026-02-13T06:11:56.170Z LOG [RouterExplorer] Mapped {/api/item-groups/list, GET} (version: 1) route
2026-02-13T06:11:56.171Z LOG [RouterExplorer] Mapped {/api/item-groups/get/:itg_id, GET} (version: 1) route
2026-02-13T06:11:56.171Z LOG [RouterExplorer] Mapped {/api/item-groups/delete/:itg_id, DELETE} (version: 1) route
2026-02-13T06:11:56.173Z LOG [NestApplication] Nest application successfully started
2026-02-13T06:11:56.228Z LOG [Bootstrap] API docs URL: https://[::1]:3010/api/docs
2026-02-13T06:11:56.228Z LOG [Bootstrap] DB connected: true
2026-02-13T06:13:17.167Z LOG [NestFactory] Starting Nest application...
2026-02-13T06:13:17.177Z LOG [InstanceLoader] ThrottlerModule dependencies initialized
2026-02-13T06:13:17.177Z LOG [InstanceLoader] ConfigHostModule dependencies initialized
2026-02-13T06:13:17.177Z LOG [InstanceLoader] AppModule dependencies initialized
2026-02-13T06:13:17.177Z LOG [InstanceLoader] ConfigModule dependencies initialized
2026-02-13T06:13:17.180Z LOG [InstanceLoader] PrismaModule dependencies initialized
2026-02-13T06:13:17.181Z LOG [InstanceLoader] HealthModule dependencies initialized
2026-02-13T06:13:17.181Z LOG [InstanceLoader] UsersModule dependencies initialized
2026-02-13T06:13:17.181Z LOG [InstanceLoader] ItemsGroupMasterModule dependencies initialized
2026-02-13T06:13:17.210Z LOG [RoutesResolver] HealthController {/api/health} (version: 1):
2026-02-13T06:13:17.212Z LOG [RouterExplorer] Mapped {/api/health, GET} (version: 1) route
2026-02-13T06:13:17.212Z LOG [RoutesResolver] UsersController {/api/users} (version: 1):
2026-02-13T06:13:17.212Z LOG [RouterExplorer] Mapped {/api/users, POST} (version: 1) route
2026-02-13T06:13:17.213Z LOG [RouterExplorer] Mapped {/api/users, GET} (version: 1) route
2026-02-13T06:13:17.213Z LOG [RouterExplorer] Mapped {/api/users/:id, GET} (version: 1) route
2026-02-13T06:13:17.213Z LOG [RouterExplorer] Mapped {/api/users/:id, PATCH} (version: 1) route
2026-02-13T06:13:17.213Z LOG [RouterExplorer] Mapped {/api/users/:id, DELETE} (version: 1) route
2026-02-13T06:13:17.213Z LOG [RoutesResolver] ItemsGroupMasterController {/api/item-groups} (version: 1):
2026-02-13T06:13:17.214Z LOG [RouterExplorer] Mapped {/api/item-groups/create, POST} (version: 1) route
2026-02-13T06:13:17.214Z LOG [RouterExplorer] Mapped {/api/item-groups/list, GET} (version: 1) route
2026-02-13T06:13:17.214Z LOG [RouterExplorer] Mapped {/api/item-groups/get/:itg_id, GET} (version: 1) route
2026-02-13T06:13:17.214Z LOG [RouterExplorer] Mapped {/api/item-groups/delete/:itg_id, DELETE} (version: 1) route
2026-02-13T06:13:17.216Z LOG [NestApplication] Nest application successfully started
2026-02-13T06:13:17.276Z LOG [Bootstrap] API docs URL: https://[::1]:3010/api/docs
2026-02-13T06:13:17.276Z LOG [Bootstrap] DB connected: true
2026-02-13T06:13:17.448Z LOG [RequestLoggerMiddleware] GET /api/v1/item-groups/list?page=1&limit=20 200 - 72.0ms
2026-02-13T06:13:58.210Z LOG [RequestLoggerMiddleware] GET /api/v1/item-groups/list?page=1&limit=20 304 - 12.0ms
2026-02-13T06:21:40.287Z LOG [NestFactory] Starting Nest application...
2026-02-13T06:21:40.296Z LOG [InstanceLoader] ThrottlerModule dependencies initialized
2026-02-13T06:21:40.296Z LOG [InstanceLoader] ConfigHostModule dependencies initialized
2026-02-13T06:21:40.296Z LOG [InstanceLoader] AppModule dependencies initialized
2026-02-13T06:21:40.296Z LOG [InstanceLoader] ConfigModule dependencies initialized
2026-02-13T06:21:40.298Z LOG [InstanceLoader] PrismaModule dependencies initialized
2026-02-13T06:21:40.299Z LOG [InstanceLoader] HealthModule dependencies initialized
2026-02-13T06:21:40.299Z LOG [InstanceLoader] UsersModule dependencies initialized
2026-02-13T06:21:40.299Z LOG [InstanceLoader] ItemsGroupMasterModule dependencies initialized
2026-02-13T06:21:40.324Z LOG [RoutesResolver] HealthController {/api/health} (version: 1):
2026-02-13T06:21:40.325Z LOG [RouterExplorer] Mapped {/api/health, GET} (version: 1) route
2026-02-13T06:21:40.325Z LOG [RoutesResolver] UsersController {/api/users} (version: 1):
2026-02-13T06:21:40.325Z LOG [RouterExplorer] Mapped {/api/users, POST} (version: 1) route
2026-02-13T06:21:40.326Z LOG [RouterExplorer] Mapped {/api/users, GET} (version: 1) route
2026-02-13T06:21:40.326Z LOG [RouterExplorer] Mapped {/api/users/:id, GET} (version: 1) route
2026-02-13T06:21:40.326Z LOG [RouterExplorer] Mapped {/api/users/:id, PATCH} (version: 1) route
2026-02-13T06:21:40.326Z LOG [RouterExplorer] Mapped {/api/users/:id, DELETE} (version: 1) route
2026-02-13T06:21:40.326Z LOG [RoutesResolver] ItemsGroupMasterController {/api/item-groups} (version: 1):
2026-02-13T06:21:40.326Z LOG [RouterExplorer] Mapped {/api/item-groups/create, POST} (version: 1) route
2026-02-13T06:21:40.327Z LOG [RouterExplorer] Mapped {/api/item-groups/list, GET} (version: 1) route
2026-02-13T06:21:40.327Z LOG [RouterExplorer] Mapped {/api/item-groups/get/:itg_id, GET} (version: 1) route
2026-02-13T06:21:40.327Z LOG [RouterExplorer] Mapped {/api/item-groups/delete/:itg_id, DELETE} (version: 1) route
2026-02-13T06:21:40.328Z LOG [NestApplication] Nest application successfully started
2026-02-13T06:21:40.378Z LOG [Bootstrap] API docs URL: https://[::1]:3010/api/docs
2026-02-13T06:21:40.378Z LOG [Bootstrap] DB connected: true
2026-02-13T06:25:04.504Z LOG [NestFactory] Starting Nest application...
2026-02-13T06:25:04.515Z LOG [InstanceLoader] ThrottlerModule dependencies initialized
2026-02-13T06:25:04.515Z LOG [InstanceLoader] ConfigHostModule dependencies initialized
2026-02-13T06:25:04.515Z LOG [InstanceLoader] AppModule dependencies initialized
2026-02-13T06:25:04.515Z LOG [InstanceLoader] ConfigModule dependencies initialized
2026-02-13T06:25:04.518Z LOG [InstanceLoader] PrismaModule dependencies initialized
2026-02-13T06:25:04.519Z LOG [InstanceLoader] HealthModule dependencies initialized
2026-02-13T06:25:04.519Z LOG [InstanceLoader] UsersModule dependencies initialized
2026-02-13T06:25:04.519Z LOG [InstanceLoader] ItemsGroupMasterModule dependencies initialized
2026-02-13T06:25:04.544Z LOG [RoutesResolver] HealthController {/api/health} (version: 1):
2026-02-13T06:25:04.546Z LOG [RouterExplorer] Mapped {/api/health, GET} (version: 1) route
2026-02-13T06:25:04.546Z LOG [RoutesResolver] UsersController {/api/users} (version: 1):
2026-02-13T06:25:04.547Z LOG [RouterExplorer] Mapped {/api/users, POST} (version: 1) route
2026-02-13T06:25:04.547Z LOG [RouterExplorer] Mapped {/api/users, GET} (version: 1) route
2026-02-13T06:25:04.547Z LOG [RouterExplorer] Mapped {/api/users/:id, GET} (version: 1) route
2026-02-13T06:25:04.547Z LOG [RouterExplorer] Mapped {/api/users/:id, PATCH} (version: 1) route
2026-02-13T06:25:04.548Z LOG [RouterExplorer] Mapped {/api/users/:id, DELETE} (version: 1) route
2026-02-13T06:25:04.548Z LOG [RoutesResolver] ItemsGroupMasterController {/api/item-groups} (version: 1):
2026-02-13T06:25:04.548Z LOG [RouterExplorer] Mapped {/api/item-groups/create, POST} (version: 1) route
2026-02-13T06:25:04.548Z LOG [RouterExplorer] Mapped {/api/item-groups/list, GET} (version: 1) route
2026-02-13T06:25:04.549Z LOG [RouterExplorer] Mapped {/api/item-groups/get/:itg_id, GET} (version: 1) route
2026-02-13T06:25:04.549Z LOG [RouterExplorer] Mapped {/api/item-groups/delete/:itg_id, DELETE} (version: 1) route
2026-02-13T06:25:04.550Z LOG [NestApplication] Nest application successfully started
2026-02-13T06:25:04.606Z LOG [Bootstrap] API docs URL: https://[::1]:3010/api/docs
2026-02-13T06:25:04.606Z LOG [Bootstrap] DB connected: true
2026-02-13T06:25:29.863Z LOG [NestFactory] Starting Nest application...
2026-02-13T06:25:29.874Z LOG [InstanceLoader] ThrottlerModule dependencies initialized
2026-02-13T06:25:29.874Z LOG [InstanceLoader] ConfigHostModule dependencies initialized
2026-02-13T06:25:29.875Z LOG [InstanceLoader] AppModule dependencies initialized
2026-02-13T06:25:29.875Z LOG [InstanceLoader] ConfigModule dependencies initialized
2026-02-13T06:25:29.877Z LOG [InstanceLoader] PrismaModule dependencies initialized
2026-02-13T06:25:29.878Z LOG [InstanceLoader] HealthModule dependencies initialized
2026-02-13T06:25:29.878Z LOG [InstanceLoader] UsersModule dependencies initialized
2026-02-13T06:25:29.878Z LOG [InstanceLoader] ItemsGroupMasterModule dependencies initialized
2026-02-13T06:25:29.900Z LOG [RoutesResolver] HealthController {/api/health} (version: 1):
2026-02-13T06:25:29.901Z LOG [RouterExplorer] Mapped {/api/health, GET} (version: 1) route
2026-02-13T06:25:29.901Z LOG [RoutesResolver] UsersController {/api/users} (version: 1):
2026-02-13T06:25:29.902Z LOG [RouterExplorer] Mapped {/api/users, POST} (version: 1) route
2026-02-13T06:25:29.902Z LOG [RouterExplorer] Mapped {/api/users, GET} (version: 1) route
2026-02-13T06:25:29.902Z LOG [RouterExplorer] Mapped {/api/users/:id, GET} (version: 1) route
2026-02-13T06:25:29.902Z LOG [RouterExplorer] Mapped {/api/users/:id, PATCH} (version: 1) route
2026-02-13T06:25:29.903Z LOG [RouterExplorer] Mapped {/api/users/:id, DELETE} (version: 1) route
2026-02-13T06:25:29.903Z LOG [RoutesResolver] ItemsGroupMasterController {/api/item-groups} (version: 1):
2026-02-13T06:25:29.903Z LOG [RouterExplorer] Mapped {/api/item-groups/create, POST} (version: 1) route
2026-02-13T06:25:29.903Z LOG [RouterExplorer] Mapped {/api/item-groups/list, GET} (version: 1) route
2026-02-13T06:25:29.904Z LOG [RouterExplorer] Mapped {/api/item-groups/get/:itg_id, GET} (version: 1) route
2026-02-13T06:25:29.904Z LOG [RouterExplorer] Mapped {/api/item-groups/delete/:itg_id, DELETE} (version: 1) route
2026-02-13T06:25:29.905Z LOG [NestApplication] Nest application successfully started
2026-02-13T06:25:29.951Z LOG [Bootstrap] API docs URL: https://[::1]:3010/api/docs
2026-02-13T06:25:29.952Z LOG [Bootstrap] DB connected: true
2026-02-13T06:26:12.537Z LOG [NestFactory] Starting Nest application...
2026-02-13T06:26:12.550Z LOG [InstanceLoader] ThrottlerModule dependencies initialized
2026-02-13T06:26:12.550Z LOG [InstanceLoader] ConfigHostModule dependencies initialized
2026-02-13T06:26:12.550Z LOG [InstanceLoader] AppModule dependencies initialized
2026-02-13T06:26:12.550Z LOG [InstanceLoader] ConfigModule dependencies initialized
2026-02-13T06:26:12.553Z LOG [InstanceLoader] PrismaModule dependencies initialized
2026-02-13T06:26:12.553Z LOG [InstanceLoader] HealthModule dependencies initialized
2026-02-13T06:26:12.553Z LOG [InstanceLoader] UsersModule dependencies initialized
2026-02-13T06:26:12.553Z LOG [InstanceLoader] ItemsGroupMasterModule dependencies initialized
2026-02-13T06:26:12.577Z LOG [RoutesResolver] HealthController {/api/health} (version: 1):
2026-02-13T06:26:12.579Z LOG [RouterExplorer] Mapped {/api/health, GET} (version: 1) route
2026-02-13T06:26:12.579Z LOG [RoutesResolver] UsersController {/api/users} (version: 1):
2026-02-13T06:26:12.579Z LOG [RouterExplorer] Mapped {/api/users, POST} (version: 1) route
2026-02-13T06:26:12.579Z LOG [RouterExplorer] Mapped {/api/users, GET} (version: 1) route
2026-02-13T06:26:12.579Z LOG [RouterExplorer] Mapped {/api/users/:id, GET} (version: 1) route
2026-02-13T06:26:12.580Z LOG [RouterExplorer] Mapped {/api/users/:id, PATCH} (version: 1) route
2026-02-13T06:26:12.580Z LOG [RouterExplorer] Mapped {/api/users/:id, DELETE} (version: 1) route
2026-02-13T06:26:12.580Z LOG [RoutesResolver] ItemsGroupMasterController {/api/item-groups} (version: 1):
2026-02-13T06:26:12.580Z LOG [RouterExplorer] Mapped {/api/item-groups/create, POST} (version: 1) route
2026-02-13T06:26:12.580Z LOG [RouterExplorer] Mapped {/api/item-groups/list, GET} (version: 1) route
2026-02-13T06:26:12.581Z LOG [RouterExplorer] Mapped {/api/item-groups/get/:itg_id, GET} (version: 1) route
2026-02-13T06:26:12.581Z LOG [RouterExplorer] Mapped {/api/item-groups/delete/:itg_id, DELETE} (version: 1) route
2026-02-13T06:26:12.582Z LOG [NestApplication] Nest application successfully started
2026-02-13T06:26:12.634Z LOG [Bootstrap] API docs URL: https://[::1]:3010/api/docs
2026-02-13T06:26:12.634Z LOG [Bootstrap] DB connected: true
2026-02-13T06:26:16.489Z LOG [NestFactory] Starting Nest application...
2026-02-13T06:26:16.500Z LOG [InstanceLoader] ThrottlerModule dependencies initialized
2026-02-13T06:26:16.501Z LOG [InstanceLoader] ConfigHostModule dependencies initialized
2026-02-13T06:26:16.501Z LOG [InstanceLoader] AppModule dependencies initialized
2026-02-13T06:26:16.501Z LOG [InstanceLoader] ConfigModule dependencies initialized
2026-02-13T06:26:16.503Z LOG [InstanceLoader] PrismaModule dependencies initialized
2026-02-13T06:26:16.504Z LOG [InstanceLoader] HealthModule dependencies initialized
2026-02-13T06:26:16.504Z LOG [InstanceLoader] UsersModule dependencies initialized
2026-02-13T06:26:16.504Z LOG [InstanceLoader] ItemsGroupMasterModule dependencies initialized
2026-02-13T06:26:16.527Z LOG [RoutesResolver] HealthController {/api/health} (version: 1):
2026-02-13T06:26:16.528Z LOG [RouterExplorer] Mapped {/api/health, GET} (version: 1) route
2026-02-13T06:26:16.528Z LOG [RoutesResolver] UsersController {/api/users} (version: 1):
2026-02-13T06:26:16.528Z LOG [RouterExplorer] Mapped {/api/users, POST} (version: 1) route
2026-02-13T06:26:16.529Z LOG [RouterExplorer] Mapped {/api/users, GET} (version: 1) route
2026-02-13T06:26:16.529Z LOG [RouterExplorer] Mapped {/api/users/:id, GET} (version: 1) route
2026-02-13T06:26:16.529Z LOG [RouterExplorer] Mapped {/api/users/:id, PATCH} (version: 1) route
2026-02-13T06:26:16.529Z LOG [RouterExplorer] Mapped {/api/users/:id, DELETE} (version: 1) route
2026-02-13T06:26:16.529Z LOG [RoutesResolver] ItemsGroupMasterController {/api/item-groups} (version: 1):
2026-02-13T06:26:16.530Z LOG [RouterExplorer] Mapped {/api/item-groups/create, POST} (version: 1) route
2026-02-13T06:26:16.530Z LOG [RouterExplorer] Mapped {/api/item-groups/list, GET} (version: 1) route
2026-02-13T06:26:16.530Z LOG [RouterExplorer] Mapped {/api/item-groups/get/:itg_id, GET} (version: 1) route
2026-02-13T06:26:16.530Z LOG [RouterExplorer] Mapped {/api/item-groups/delete/:itg_id, DELETE} (version: 1) route
2026-02-13T06:26:16.532Z LOG [NestApplication] Nest application successfully started
2026-02-13T06:26:16.581Z LOG [Bootstrap] API docs URL: https://[::1]:3010/api/docs
2026-02-13T06:26:16.581Z LOG [Bootstrap] DB connected: true
2026-02-13T06:26:17.936Z LOG [NestFactory] Starting Nest application...
2026-02-13T06:26:17.945Z LOG [InstanceLoader] ThrottlerModule dependencies initialized
2026-02-13T06:26:17.945Z LOG [InstanceLoader] ConfigHostModule dependencies initialized
2026-02-13T06:26:17.945Z LOG [InstanceLoader] AppModule dependencies initialized
2026-02-13T06:26:17.945Z LOG [InstanceLoader] ConfigModule dependencies initialized
2026-02-13T06:26:17.947Z LOG [InstanceLoader] PrismaModule dependencies initialized
2026-02-13T06:26:17.948Z LOG [InstanceLoader] HealthModule dependencies initialized
2026-02-13T06:26:17.948Z LOG [InstanceLoader] UsersModule dependencies initialized
2026-02-13T06:26:17.948Z LOG [InstanceLoader] ItemsGroupMasterModule dependencies initialized
2026-02-13T06:26:17.969Z LOG [RoutesResolver] HealthController {/api/health} (version: 1):
2026-02-13T06:26:17.971Z LOG [RouterExplorer] Mapped {/api/health, GET} (version: 1) route
2026-02-13T06:26:17.971Z LOG [RoutesResolver] UsersController {/api/users} (version: 1):
2026-02-13T06:26:17.971Z LOG [RouterExplorer] Mapped {/api/users, POST} (version: 1) route
2026-02-13T06:26:17.971Z LOG [RouterExplorer] Mapped {/api/users, GET} (version: 1) route
2026-02-13T06:26:17.971Z LOG [RouterExplorer] Mapped {/api/users/:id, GET} (version: 1) route
2026-02-13T06:26:17.972Z LOG [RouterExplorer] Mapped {/api/users/:id, PATCH} (version: 1) route
2026-02-13T06:26:17.972Z LOG [RouterExplorer] Mapped {/api/users/:id, DELETE} (version: 1) route
2026-02-13T06:26:17.972Z LOG [RoutesResolver] ItemsGroupMasterController {/api/item-groups} (version: 1):
2026-02-13T06:26:17.972Z LOG [RouterExplorer] Mapped {/api/item-groups/create, POST} (version: 1) route
2026-02-13T06:26:17.972Z LOG [RouterExplorer] Mapped {/api/item-groups/list, GET} (version: 1) route
2026-02-13T06:26:17.973Z LOG [RouterExplorer] Mapped {/api/item-groups/get/:itg_id, GET} (version: 1) route
2026-02-13T06:26:17.973Z LOG [RouterExplorer] Mapped {/api/item-groups/delete/:itg_id, DELETE} (version: 1) route
2026-02-13T06:26:17.974Z LOG [NestApplication] Nest application successfully started
2026-02-13T06:26:18.022Z LOG [Bootstrap] API docs URL: https://[::1]:3010/api/docs
2026-02-13T06:26:18.022Z LOG [Bootstrap] DB connected: true
2026-02-13T06:26:20.479Z LOG [NestFactory] Starting Nest application...
2026-02-13T06:26:20.490Z LOG [InstanceLoader] ThrottlerModule dependencies initialized
2026-02-13T06:26:20.490Z LOG [InstanceLoader] ConfigHostModule dependencies initialized
2026-02-13T06:26:20.490Z LOG [InstanceLoader] AppModule dependencies initialized
2026-02-13T06:26:20.491Z LOG [InstanceLoader] ConfigModule dependencies initialized
2026-02-13T06:26:20.493Z LOG [InstanceLoader] PrismaModule dependencies initialized
2026-02-13T06:26:20.494Z LOG [InstanceLoader] HealthModule dependencies initialized
2026-02-13T06:26:20.494Z LOG [InstanceLoader] UsersModule dependencies initialized
2026-02-13T06:26:20.494Z LOG [InstanceLoader] ItemsGroupMasterModule dependencies initialized
2026-02-13T06:26:20.518Z LOG [RoutesResolver] HealthController {/api/health} (version: 1):
2026-02-13T06:26:20.519Z LOG [RouterExplorer] Mapped {/api/health, GET} (version: 1) route
2026-02-13T06:26:20.519Z LOG [RoutesResolver] UsersController {/api/users} (version: 1):
2026-02-13T06:26:20.519Z LOG [RouterExplorer] Mapped {/api/users, POST} (version: 1) route
2026-02-13T06:26:20.520Z LOG [RouterExplorer] Mapped {/api/users, GET} (version: 1) route
2026-02-13T06:26:20.520Z LOG [RouterExplorer] Mapped {/api/users/:id, GET} (version: 1) route
2026-02-13T06:26:20.520Z LOG [RouterExplorer] Mapped {/api/users/:id, PATCH} (version: 1) route
2026-02-13T06:26:20.520Z LOG [RouterExplorer] Mapped {/api/users/:id, DELETE} (version: 1) route
2026-02-13T06:26:20.520Z LOG [RoutesResolver] ItemsGroupMasterController {/api/item-groups} (version: 1):
2026-02-13T06:26:20.521Z LOG [RouterExplorer] Mapped {/api/item-groups/create, POST} (version: 1) route
2026-02-13T06:26:20.521Z LOG [RouterExplorer] Mapped {/api/item-groups/list, GET} (version: 1) route
2026-02-13T06:26:20.521Z LOG [RouterExplorer] Mapped {/api/item-groups/get/:itg_id, GET} (version: 1) route
2026-02-13T06:26:20.521Z LOG [RouterExplorer] Mapped {/api/item-groups/delete/:itg_id, DELETE} (version: 1) route
2026-02-13T06:26:20.523Z LOG [NestApplication] Nest application successfully started
2026-02-13T06:26:20.573Z LOG [Bootstrap] API docs URL: https://[::1]:3010/api/docs
2026-02-13T06:26:20.573Z LOG [Bootstrap] DB connected: true
2026-02-13T06:28:20.899Z LOG [NestFactory] Starting Nest application...
2026-02-13T06:28:20.911Z LOG [InstanceLoader] ThrottlerModule dependencies initialized
2026-02-13T06:28:20.911Z LOG [InstanceLoader] ConfigHostModule dependencies initialized
2026-02-13T06:28:20.911Z LOG [InstanceLoader] AppModule dependencies initialized
2026-02-13T06:28:20.911Z LOG [InstanceLoader] ConfigModule dependencies initialized
2026-02-13T06:28:20.914Z LOG [InstanceLoader] PrismaModule dependencies initialized
2026-02-13T06:28:20.914Z LOG [InstanceLoader] HealthModule dependencies initialized
2026-02-13T06:28:20.914Z LOG [InstanceLoader] UsersModule dependencies initialized
2026-02-13T06:28:20.914Z LOG [InstanceLoader] ItemsGroupMasterModule dependencies initialized
2026-02-13T06:28:20.937Z LOG [RoutesResolver] HealthController {/api/health} (version: 1):
2026-02-13T06:28:20.938Z LOG [RouterExplorer] Mapped {/api/health, GET} (version: 1) route
2026-02-13T06:28:20.938Z LOG [RoutesResolver] UsersController {/api/users} (version: 1):
2026-02-13T06:28:20.938Z LOG [RouterExplorer] Mapped {/api/users, POST} (version: 1) route
2026-02-13T06:28:20.939Z LOG [RouterExplorer] Mapped {/api/users, GET} (version: 1) route
2026-02-13T06:28:20.939Z LOG [RouterExplorer] Mapped {/api/users/:id, GET} (version: 1) route
2026-02-13T06:28:20.939Z LOG [RouterExplorer] Mapped {/api/users/:id, PATCH} (version: 1) route
2026-02-13T06:28:20.939Z LOG [RouterExplorer] Mapped {/api/users/:id, DELETE} (version: 1) route
2026-02-13T06:28:20.939Z LOG [RoutesResolver] ItemsGroupMasterController {/api/item-groups} (version: 1):
2026-02-13T06:28:20.940Z LOG [RouterExplorer] Mapped {/api/item-groups/create, POST} (version: 1) route
2026-02-13T06:28:20.940Z LOG [RouterExplorer] Mapped {/api/item-groups/list, GET} (version: 1) route
2026-02-13T06:28:20.940Z LOG [RouterExplorer] Mapped {/api/item-groups/get/:itg_id, GET} (version: 1) route
2026-02-13T06:28:20.940Z LOG [RouterExplorer] Mapped {/api/item-groups/delete/:itg_id, DELETE} (version: 1) route
2026-02-13T06:28:20.942Z LOG [NestApplication] Nest application successfully started
2026-02-13T06:28:20.991Z LOG [Bootstrap] API docs URL: https://[::1]:3010/api/docs
2026-02-13T06:28:20.991Z LOG [Bootstrap] DB connected: true
2026-02-13T06:28:48.644Z LOG [NestFactory] Starting Nest application...
2026-02-13T06:28:48.655Z LOG [InstanceLoader] ThrottlerModule dependencies initialized
2026-02-13T06:28:48.656Z LOG [InstanceLoader] ConfigHostModule dependencies initialized
2026-02-13T06:28:48.656Z LOG [InstanceLoader] AppModule dependencies initialized
2026-02-13T06:28:48.656Z LOG [InstanceLoader] ConfigModule dependencies initialized
2026-02-13T06:28:48.659Z LOG [InstanceLoader] PrismaModule dependencies initialized
2026-02-13T06:28:48.659Z LOG [InstanceLoader] HealthModule dependencies initialized
2026-02-13T06:28:48.659Z LOG [InstanceLoader] UsersModule dependencies initialized
2026-02-13T06:28:48.659Z LOG [InstanceLoader] ItemsGroupMasterModule dependencies initialized
2026-02-13T06:28:48.686Z LOG [RoutesResolver] HealthController {/api/health} (version: 1):
2026-02-13T06:28:48.687Z LOG [RouterExplorer] Mapped {/api/health, GET} (version: 1) route
2026-02-13T06:28:48.687Z LOG [RoutesResolver] UsersController {/api/users} (version: 1):
2026-02-13T06:28:48.688Z LOG [RouterExplorer] Mapped {/api/users, POST} (version: 1) route
2026-02-13T06:28:48.688Z LOG [RouterExplorer] Mapped {/api/users, GET} (version: 1) route
2026-02-13T06:28:48.688Z LOG [RouterExplorer] Mapped {/api/users/:id, GET} (version: 1) route
2026-02-13T06:28:48.688Z LOG [RouterExplorer] Mapped {/api/users/:id, PATCH} (version: 1) route
2026-02-13T06:28:48.688Z LOG [RouterExplorer] Mapped {/api/users/:id, DELETE} (version: 1) route
2026-02-13T06:28:48.689Z LOG [RoutesResolver] ItemsGroupMasterController {/api/item-groups} (version: 1):
2026-02-13T06:28:48.689Z LOG [RouterExplorer] Mapped {/api/item-groups/create, POST} (version: 1) route
2026-02-13T06:28:48.689Z LOG [RouterExplorer] Mapped {/api/item-groups/list, GET} (version: 1) route
2026-02-13T06:28:48.689Z LOG [RouterExplorer] Mapped {/api/item-groups/get/:itg_id, GET} (version: 1) route
2026-02-13T06:28:48.690Z LOG [RouterExplorer] Mapped {/api/item-groups/delete/:itg_id, DELETE} (version: 1) route
2026-02-13T06:28:48.691Z LOG [NestApplication] Nest application successfully started
2026-02-13T06:28:48.742Z LOG [Bootstrap] API docs URL: https://[::1]:3010/api/docs
2026-02-13T06:28:48.742Z LOG [Bootstrap] DB connected: true
2026-02-13T06:29:44.244Z LOG [NestFactory] Starting Nest application...
2026-02-13T06:29:44.255Z LOG [InstanceLoader] ThrottlerModule dependencies initialized
2026-02-13T06:29:44.255Z LOG [InstanceLoader] ConfigHostModule dependencies initialized
2026-02-13T06:29:44.256Z LOG [InstanceLoader] AppModule dependencies initialized
2026-02-13T06:29:44.256Z LOG [InstanceLoader] ConfigModule dependencies initialized
2026-02-13T06:29:44.258Z LOG [InstanceLoader] PrismaModule dependencies initialized
2026-02-13T06:29:44.259Z LOG [InstanceLoader] HealthModule dependencies initialized
2026-02-13T06:29:44.259Z LOG [InstanceLoader] UsersModule dependencies initialized
2026-02-13T06:29:44.259Z LOG [InstanceLoader] ItemsGroupMasterModule dependencies initialized
2026-02-13T06:29:44.281Z LOG [RoutesResolver] HealthController {/api/health} (version: 1):
2026-02-13T06:29:44.282Z LOG [RouterExplorer] Mapped {/api/health, GET} (version: 1) route
2026-02-13T06:29:44.282Z LOG [RoutesResolver] UsersController {/api/users} (version: 1):
2026-02-13T06:29:44.283Z LOG [RouterExplorer] Mapped {/api/users, POST} (version: 1) route
2026-02-13T06:29:44.283Z LOG [RouterExplorer] Mapped {/api/users, GET} (version: 1) route
2026-02-13T06:29:44.283Z LOG [RouterExplorer] Mapped {/api/users/:id, GET} (version: 1) route
2026-02-13T06:29:44.283Z LOG [RouterExplorer] Mapped {/api/users/:id, PATCH} (version: 1) route
2026-02-13T06:29:44.283Z LOG [RouterExplorer] Mapped {/api/users/:id, DELETE} (version: 1) route
2026-02-13T06:29:44.284Z LOG [RoutesResolver] ItemsGroupMasterController {/api/item-groups} (version: 1):
2026-02-13T06:29:44.284Z LOG [RouterExplorer] Mapped {/api/item-groups/create, POST} (version: 1) route
2026-02-13T06:29:44.284Z LOG [RouterExplorer] Mapped {/api/item-groups/list, GET} (version: 1) route
2026-02-13T06:29:44.284Z LOG [RouterExplorer] Mapped {/api/item-groups/get/:itg_id, GET} (version: 1) route
2026-02-13T06:29:44.285Z LOG [RouterExplorer] Mapped {/api/item-groups/delete/:itg_id, DELETE} (version: 1) route
2026-02-13T06:29:44.286Z LOG [NestApplication] Nest application successfully started
2026-02-13T06:29:44.336Z LOG [Bootstrap] API docs URL: https://[::1]:3010/api/docs
2026-02-13T06:29:44.336Z LOG [Bootstrap] DB connected: true
2026-02-13T06:29:46.817Z LOG [NestFactory] Starting Nest application...
2026-02-13T06:29:46.828Z LOG [InstanceLoader] ThrottlerModule dependencies initialized
2026-02-13T06:29:46.829Z LOG [InstanceLoader] ConfigHostModule dependencies initialized
2026-02-13T06:29:46.829Z LOG [InstanceLoader] AppModule dependencies initialized
2026-02-13T06:29:46.829Z LOG [InstanceLoader] ConfigModule dependencies initialized
2026-02-13T06:29:46.831Z LOG [InstanceLoader] PrismaModule dependencies initialized
2026-02-13T06:29:46.832Z LOG [InstanceLoader] HealthModule dependencies initialized
2026-02-13T06:29:46.832Z LOG [InstanceLoader] UsersModule dependencies initialized
2026-02-13T06:29:46.832Z LOG [InstanceLoader] ItemsGroupMasterModule dependencies initialized
2026-02-13T06:29:46.854Z LOG [RoutesResolver] HealthController {/api/health} (version: 1):
2026-02-13T06:29:46.855Z LOG [RouterExplorer] Mapped {/api/health, GET} (version: 1) route
2026-02-13T06:29:46.855Z LOG [RoutesResolver] UsersController {/api/users} (version: 1):
2026-02-13T06:29:46.856Z LOG [RouterExplorer] Mapped {/api/users, POST} (version: 1) route
2026-02-13T06:29:46.856Z LOG [RouterExplorer] Mapped {/api/users, GET} (version: 1) route
2026-02-13T06:29:46.856Z LOG [RouterExplorer] Mapped {/api/users/:id, GET} (version: 1) route
2026-02-13T06:29:46.856Z LOG [RouterExplorer] Mapped {/api/users/:id, PATCH} (version: 1) route
2026-02-13T06:29:46.856Z LOG [RouterExplorer] Mapped {/api/users/:id, DELETE} (version: 1) route
2026-02-13T06:29:46.856Z LOG [RoutesResolver] ItemsGroupMasterController {/api/item-groups} (version: 1):
2026-02-13T06:29:46.857Z LOG [RouterExplorer] Mapped {/api/item-groups/create, POST} (version: 1) route
2026-02-13T06:29:46.857Z LOG [RouterExplorer] Mapped {/api/item-groups/list, GET} (version: 1) route
2026-02-13T06:29:46.857Z LOG [RouterExplorer] Mapped {/api/item-groups/get/:itg_id, GET} (version: 1) route
2026-02-13T06:29:46.857Z LOG [RouterExplorer] Mapped {/api/item-groups/delete/:itg_id, DELETE} (version: 1) route
2026-02-13T06:29:46.859Z LOG [NestApplication] Nest application successfully started
2026-02-13T06:29:46.909Z LOG [Bootstrap] API docs URL: https://[::1]:3010/api/docs
2026-02-13T06:29:46.909Z LOG [Bootstrap] DB connected: true
2026-02-13T06:29:48.366Z LOG [NestFactory] Starting Nest application...
2026-02-13T06:29:48.377Z LOG [InstanceLoader] ThrottlerModule dependencies initialized
2026-02-13T06:29:48.377Z LOG [InstanceLoader] ConfigHostModule dependencies initialized
2026-02-13T06:29:48.377Z LOG [InstanceLoader] AppModule dependencies initialized
2026-02-13T06:29:48.377Z LOG [InstanceLoader] ConfigModule dependencies initialized
2026-02-13T06:29:48.380Z LOG [InstanceLoader] PrismaModule dependencies initialized
2026-02-13T06:29:48.380Z LOG [InstanceLoader] HealthModule dependencies initialized
2026-02-13T06:29:48.380Z LOG [InstanceLoader] UsersModule dependencies initialized
2026-02-13T06:29:48.380Z LOG [InstanceLoader] ItemsGroupMasterModule dependencies initialized
2026-02-13T06:29:48.402Z LOG [RoutesResolver] HealthController {/api/health} (version: 1):
2026-02-13T06:29:48.403Z LOG [RouterExplorer] Mapped {/api/health, GET} (version: 1) route
2026-02-13T06:29:48.403Z LOG [RoutesResolver] UsersController {/api/users} (version: 1):
2026-02-13T06:29:48.404Z LOG [RouterExplorer] Mapped {/api/users, POST} (version: 1) route
2026-02-13T06:29:48.404Z LOG [RouterExplorer] Mapped {/api/users, GET} (version: 1) route
2026-02-13T06:29:48.404Z LOG [RouterExplorer] Mapped {/api/users/:id, GET} (version: 1) route
2026-02-13T06:29:48.405Z LOG [RouterExplorer] Mapped {/api/users/:id, PATCH} (version: 1) route
2026-02-13T06:29:48.405Z LOG [RouterExplorer] Mapped {/api/users/:id, DELETE} (version: 1) route
2026-02-13T06:29:48.405Z LOG [RoutesResolver] ItemsGroupMasterController {/api/item-groups} (version: 1):
2026-02-13T06:29:48.405Z LOG [RouterExplorer] Mapped {/api/item-groups/create, POST} (version: 1) route
2026-02-13T06:29:48.405Z LOG [RouterExplorer] Mapped {/api/item-groups/list, GET} (version: 1) route
2026-02-13T06:29:48.405Z LOG [RouterExplorer] Mapped {/api/item-groups/get/:itg_id, GET} (version: 1) route
2026-02-13T06:29:48.406Z LOG [RouterExplorer] Mapped {/api/item-groups/delete/:itg_id, DELETE} (version: 1) route
2026-02-13T06:29:48.407Z LOG [NestApplication] Nest application successfully started
2026-02-13T06:29:48.455Z LOG [Bootstrap] API docs URL: https://[::1]:3010/api/docs
2026-02-13T06:29:48.455Z LOG [Bootstrap] DB connected: true
2026-02-13T06:31:52.333Z LOG [NestFactory] Starting Nest application...
2026-02-13T06:31:52.345Z LOG [InstanceLoader] ThrottlerModule dependencies initialized
2026-02-13T06:31:52.345Z LOG [InstanceLoader] ConfigHostModule dependencies initialized
2026-02-13T06:31:52.345Z LOG [InstanceLoader] AppModule dependencies initialized
2026-02-13T06:31:52.345Z LOG [InstanceLoader] ConfigModule dependencies initialized
2026-02-13T06:31:52.348Z LOG [InstanceLoader] PrismaModule dependencies initialized
2026-02-13T06:31:52.348Z LOG [InstanceLoader] HealthModule dependencies initialized
2026-02-13T06:31:52.348Z LOG [InstanceLoader] UsersModule dependencies initialized
2026-02-13T06:31:52.349Z LOG [InstanceLoader] ItemsGroupMasterModule dependencies initialized
2026-02-13T06:31:52.373Z LOG [RoutesResolver] HealthController {/api/health} (version: 1):
2026-02-13T06:31:52.374Z LOG [RouterExplorer] Mapped {/api/health, GET} (version: 1) route
2026-02-13T06:31:52.374Z LOG [RoutesResolver] UsersController {/api/users} (version: 1):
2026-02-13T06:31:52.375Z LOG [RouterExplorer] Mapped {/api/users, POST} (version: 1) route
2026-02-13T06:31:52.375Z LOG [RouterExplorer] Mapped {/api/users, GET} (version: 1) route
2026-02-13T06:31:52.375Z LOG [RouterExplorer] Mapped {/api/users/:id, GET} (version: 1) route
2026-02-13T06:31:52.375Z LOG [RouterExplorer] Mapped {/api/users/:id, PATCH} (version: 1) route
2026-02-13T06:31:52.375Z LOG [RouterExplorer] Mapped {/api/users/:id, DELETE} (version: 1) route
2026-02-13T06:31:52.375Z LOG [RoutesResolver] ItemsGroupMasterController {/api/item-groups} (version: 1):
2026-02-13T06:31:52.376Z LOG [RouterExplorer] Mapped {/api/item-groups/create, POST} (version: 1) route
2026-02-13T06:31:52.376Z LOG [RouterExplorer] Mapped {/api/item-groups/list, GET} (version: 1) route
2026-02-13T06:31:52.376Z LOG [RouterExplorer] Mapped {/api/item-groups/get/:itg_id, GET} (version: 1) route
2026-02-13T06:31:52.376Z LOG [RouterExplorer] Mapped {/api/item-groups/delete/:itg_id, DELETE} (version: 1) route
2026-02-13T06:31:52.378Z LOG [NestApplication] Nest application successfully started
2026-02-13T06:31:52.429Z LOG [Bootstrap] API docs URL: https://[::1]:3010/api/docs
2026-02-13T06:31:52.429Z LOG [Bootstrap] DB connected: true
2026-02-13T06:31:57.425Z LOG [NestFactory] Starting Nest application...
2026-02-13T06:31:57.434Z LOG [InstanceLoader] ThrottlerModule dependencies initialized
2026-02-13T06:31:57.434Z LOG [InstanceLoader] ConfigHostModule dependencies initialized
2026-02-13T06:31:57.435Z LOG [InstanceLoader] AppModule dependencies initialized
2026-02-13T06:31:57.435Z LOG [InstanceLoader] ConfigModule dependencies initialized
2026-02-13T06:31:57.438Z LOG [InstanceLoader] PrismaModule dependencies initialized
2026-02-13T06:31:57.438Z LOG [InstanceLoader] HealthModule dependencies initialized
2026-02-13T06:31:57.438Z LOG [InstanceLoader] UsersModule dependencies initialized
2026-02-13T06:31:57.438Z LOG [InstanceLoader] ItemsGroupMasterModule dependencies initialized
2026-02-13T06:31:57.467Z LOG [RoutesResolver] HealthController {/api/health} (version: 1):
2026-02-13T06:31:57.468Z LOG [RouterExplorer] Mapped {/api/health, GET} (version: 1) route
2026-02-13T06:31:57.468Z LOG [RoutesResolver] UsersController {/api/users} (version: 1):
2026-02-13T06:31:57.469Z LOG [RouterExplorer] Mapped {/api/users, POST} (version: 1) route
2026-02-13T06:31:57.469Z LOG [RouterExplorer] Mapped {/api/users, GET} (version: 1) route
2026-02-13T06:31:57.469Z LOG [RouterExplorer] Mapped {/api/users/:id, GET} (version: 1) route
2026-02-13T06:31:57.469Z LOG [RouterExplorer] Mapped {/api/users/:id, PATCH} (version: 1) route
2026-02-13T06:31:57.470Z LOG [RouterExplorer] Mapped {/api/users/:id, DELETE} (version: 1) route
2026-02-13T06:31:57.470Z LOG [RoutesResolver] ItemsGroupMasterController {/api/item-groups} (version: 1):
2026-02-13T06:31:57.470Z LOG [RouterExplorer] Mapped {/api/item-groups/create, POST} (version: 1) route
2026-02-13T06:31:57.470Z LOG [RouterExplorer] Mapped {/api/item-groups/list, GET} (version: 1) route
2026-02-13T06:31:57.471Z LOG [RouterExplorer] Mapped {/api/item-groups/get/:itg_id, GET} (version: 1) route
2026-02-13T06:31:57.471Z LOG [RouterExplorer] Mapped {/api/item-groups/delete/:itg_id, DELETE} (version: 1) route
2026-02-13T06:31:57.473Z LOG [NestApplication] Nest application successfully started
2026-02-13T06:31:57.522Z LOG [Bootstrap] API docs URL: https://[::1]:3010/api/docs
2026-02-13T06:31:57.522Z LOG [Bootstrap] DB connected: true
2026-02-13T06:32:07.256Z LOG [NestFactory] Starting Nest application...
2026-02-13T06:32:07.267Z LOG [InstanceLoader] ThrottlerModule dependencies initialized
2026-02-13T06:32:07.268Z LOG [InstanceLoader] ConfigHostModule dependencies initialized
2026-02-13T06:32:07.268Z LOG [InstanceLoader] AppModule dependencies initialized
2026-02-13T06:32:07.268Z LOG [InstanceLoader] ConfigModule dependencies initialized
2026-02-13T06:32:07.271Z LOG [InstanceLoader] PrismaModule dependencies initialized
2026-02-13T06:32:07.272Z LOG [InstanceLoader] HealthModule dependencies initialized
2026-02-13T06:32:07.272Z LOG [InstanceLoader] UsersModule dependencies initialized
2026-02-13T06:32:07.272Z LOG [InstanceLoader] ItemsGroupMasterModule dependencies initialized
2026-02-13T06:32:07.299Z LOG [RoutesResolver] HealthController {/api/health} (version: 1):
2026-02-13T06:32:07.301Z LOG [RouterExplorer] Mapped {/api/health, GET} (version: 1) route
2026-02-13T06:32:07.301Z LOG [RoutesResolver] UsersController {/api/users} (version: 1):
2026-02-13T06:32:07.301Z LOG [RouterExplorer] Mapped {/api/users, POST} (version: 1) route
2026-02-13T06:32:07.301Z LOG [RouterExplorer] Mapped {/api/users, GET} (version: 1) route
2026-02-13T06:32:07.302Z LOG [RouterExplorer] Mapped {/api/users/:id, GET} (version: 1) route
2026-02-13T06:32:07.302Z LOG [RouterExplorer] Mapped {/api/users/:id, PATCH} (version: 1) route
2026-02-13T06:32:07.302Z LOG [RouterExplorer] Mapped {/api/users/:id, DELETE} (version: 1) route
2026-02-13T06:32:07.302Z LOG [RoutesResolver] ItemsGroupMasterController {/api/item-groups} (version: 1):
2026-02-13T06:32:07.302Z LOG [RouterExplorer] Mapped {/api/item-groups/create, POST} (version: 1) route
2026-02-13T06:32:07.303Z LOG [RouterExplorer] Mapped {/api/item-groups/list, GET} (version: 1) route
2026-02-13T06:32:07.303Z LOG [RouterExplorer] Mapped {/api/item-groups/get/:itg_id, GET} (version: 1) route
2026-02-13T06:32:07.303Z LOG [RouterExplorer] Mapped {/api/item-groups/delete/:itg_id, DELETE} (version: 1) route
2026-02-13T06:32:07.305Z LOG [NestApplication] Nest application successfully started
2026-02-13T06:32:07.353Z LOG [Bootstrap] API docs URL: https://[::1]:3010/api/docs
2026-02-13T06:32:07.354Z LOG [Bootstrap] DB connected: true
2026-02-13T06:32:21.749Z LOG [NestFactory] Starting Nest application...
2026-02-13T06:32:21.761Z LOG [InstanceLoader] ThrottlerModule dependencies initialized
2026-02-13T06:32:21.761Z LOG [InstanceLoader] ConfigHostModule dependencies initialized
2026-02-13T06:32:21.762Z LOG [InstanceLoader] AppModule dependencies initialized
2026-02-13T06:32:21.762Z LOG [InstanceLoader] ConfigModule dependencies initialized
2026-02-13T06:32:21.764Z LOG [InstanceLoader] PrismaModule dependencies initialized
2026-02-13T06:32:21.765Z LOG [InstanceLoader] HealthModule dependencies initialized
2026-02-13T06:32:21.765Z LOG [InstanceLoader] UsersModule dependencies initialized
2026-02-13T06:32:21.765Z LOG [InstanceLoader] ItemsGroupMasterModule dependencies initialized
2026-02-13T06:32:21.788Z LOG [RoutesResolver] HealthController {/api/health} (version: 1):
2026-02-13T06:32:21.789Z LOG [RouterExplorer] Mapped {/api/health, GET} (version: 1) route
2026-02-13T06:32:21.789Z LOG [RoutesResolver] UsersController {/api/users} (version: 1):
2026-02-13T06:32:21.790Z LOG [RouterExplorer] Mapped {/api/users, POST} (version: 1) route
2026-02-13T06:32:21.790Z LOG [RouterExplorer] Mapped {/api/users, GET} (version: 1) route
2026-02-13T06:32:21.790Z LOG [RouterExplorer] Mapped {/api/users/:id, GET} (version: 1) route
2026-02-13T06:32:21.790Z LOG [RouterExplorer] Mapped {/api/users/:id, PATCH} (version: 1) route
2026-02-13T06:32:21.790Z LOG [RouterExplorer] Mapped {/api/users/:id, DELETE} (version: 1) route
2026-02-13T06:32:21.790Z LOG [RoutesResolver] ItemsGroupMasterController {/api/item-groups} (version: 1):
2026-02-13T06:32:21.791Z LOG [RouterExplorer] Mapped {/api/item-groups/create, POST} (version: 1) route
2026-02-13T06:32:21.791Z LOG [RouterExplorer] Mapped {/api/item-groups/list, GET} (version: 1) route
2026-02-13T06:32:21.791Z LOG [RouterExplorer] Mapped {/api/item-groups/get/:itg_id, GET} (version: 1) route
2026-02-13T06:32:21.791Z LOG [RouterExplorer] Mapped {/api/item-groups/delete/:itg_id, DELETE} (version: 1) route
2026-02-13T06:32:21.793Z LOG [NestApplication] Nest application successfully started
2026-02-13T06:32:21.841Z LOG [Bootstrap] API docs URL: https://[::1]:3010/api/docs
2026-02-13T06:32:21.841Z LOG [Bootstrap] DB connected: true
2026-02-13T06:34:21.969Z LOG [RequestLoggerMiddleware] POST /api/v1/users 201 - 47.9ms
2026-02-13T06:35:35.260Z LOG [NestFactory] Starting Nest application...
2026-02-13T06:35:35.269Z LOG [InstanceLoader] ThrottlerModule dependencies initialized
2026-02-13T06:35:35.269Z LOG [InstanceLoader] ConfigHostModule dependencies initialized
2026-02-13T06:35:35.269Z LOG [InstanceLoader] AppModule dependencies initialized
2026-02-13T06:35:35.269Z LOG [InstanceLoader] ConfigModule dependencies initialized
2026-02-13T06:35:35.272Z LOG [InstanceLoader] PrismaModule dependencies initialized
2026-02-13T06:35:35.272Z LOG [InstanceLoader] HealthModule dependencies initialized
2026-02-13T06:35:35.272Z LOG [InstanceLoader] UsersModule dependencies initialized
2026-02-13T06:35:35.273Z LOG [InstanceLoader] ItemsGroupMasterModule dependencies initialized
2026-02-13T06:35:35.300Z LOG [RoutesResolver] HealthController {/api/health} (version: 1):
2026-02-13T06:35:35.301Z LOG [RouterExplorer] Mapped {/api/health, GET} (version: 1) route
2026-02-13T06:35:35.301Z LOG [RoutesResolver] UsersController {/api/users} (version: 1):
2026-02-13T06:35:35.302Z LOG [RouterExplorer] Mapped {/api/users, POST} (version: 1) route
2026-02-13T06:35:35.302Z LOG [RouterExplorer] Mapped {/api/users, GET} (version: 1) route
2026-02-13T06:35:35.302Z LOG [RouterExplorer] Mapped {/api/users/:id, GET} (version: 1) route
2026-02-13T06:35:35.303Z LOG [RouterExplorer] Mapped {/api/users/:id, PATCH} (version: 1) route
2026-02-13T06:35:35.303Z LOG [RouterExplorer] Mapped {/api/users/:id, DELETE} (version: 1) route
2026-02-13T06:35:35.303Z LOG [RoutesResolver] ItemsGroupMasterController {/api/item-groups} (version: 1):
2026-02-13T06:35:35.303Z LOG [RouterExplorer] Mapped {/api/item-groups/create, POST} (version: 1) route
2026-02-13T06:35:35.304Z LOG [RouterExplorer] Mapped {/api/item-groups/list, GET} (version: 1) route
2026-02-13T06:35:35.304Z LOG [RouterExplorer] Mapped {/api/item-groups/get/:itg_id, GET} (version: 1) route
2026-02-13T06:35:35.304Z LOG [RouterExplorer] Mapped {/api/item-groups/delete/:itg_id, DELETE} (version: 1) route
2026-02-13T06:35:35.306Z LOG [NestApplication] Nest application successfully started
2026-02-13T06:35:35.362Z LOG [Bootstrap] API docs URL: https://[::1]:3010/api/docs
2026-02-13T06:35:35.362Z LOG [Bootstrap] DB connected: true
2026-02-13T06:51:08.582Z LOG [NestFactory] Starting Nest application...
2026-02-13T06:51:08.585Z ERROR [ExceptionHandler] Config validation error: "JWT_SECRET" is required
Error: Config validation error: "JWT_SECRET" is required
    at ConfigModule.forRoot (/home/vk/Dev/ERP server/node_modules/@nestjs/config/dist/config.module.js:86:23)
    at Object.<anonymous> (/home/vk/Dev/ERP server/src/app.module.ts:27:18)
    at Module._compile (node:internal/modules/cjs/loader:1706:14)
    at Object..js (node:internal/modules/cjs/loader:1839:10)
    at Module.load (node:internal/modules/cjs/loader:1441:32)
    at Function._load (node:internal/modules/cjs/loader:1263:12)
    at TracingChannel.traceSync (node:diagnostics_channel:328:14)
    at wrapModuleLoad (node:internal/modules/cjs/loader:237:24)
    at Module.require (node:internal/modules/cjs/loader:1463:12)
    at require (node:internal/modules/helpers:147:16)
2026-02-13T06:52:41.815Z LOG [NestFactory] Starting Nest application...
2026-02-13T06:52:41.818Z ERROR [ExceptionHandler] Config validation error: "JWT_SECRET" is required
Error: Config validation error: "JWT_SECRET" is required
    at ConfigModule.forRoot (/home/vk/Dev/ERP server/node_modules/@nestjs/config/dist/config.module.js:86:23)
    at Object.<anonymous> (/home/vk/Dev/ERP server/src/app.module.ts:27:18)
    at Module._compile (node:internal/modules/cjs/loader:1706:14)
    at Object..js (node:internal/modules/cjs/loader:1839:10)
    at Module.load (node:internal/modules/cjs/loader:1441:32)
    at Function._load (node:internal/modules/cjs/loader:1263:12)
    at TracingChannel.traceSync (node:diagnostics_channel:328:14)
    at wrapModuleLoad (node:internal/modules/cjs/loader:237:24)
    at Module.require (node:internal/modules/cjs/loader:1463:12)
    at require (node:internal/modules/helpers:147:16)
2026-02-13T06:53:24.176Z LOG [NestFactory] Starting Nest application...
2026-02-13T06:53:24.179Z ERROR [ExceptionHandler] Config validation error: "JWT_SECRET" length must be at least 16 characters long
Error: Config validation error: "JWT_SECRET" length must be at least 16 characters long
    at ConfigModule.forRoot (/home/vk/Dev/ERP server/node_modules/@nestjs/config/dist/config.module.js:86:23)
    at Object.<anonymous> (/home/vk/Dev/ERP server/src/app.module.ts:27:18)
    at Module._compile (node:internal/modules/cjs/loader:1706:14)
    at Object..js (node:internal/modules/cjs/loader:1839:10)
    at Module.load (node:internal/modules/cjs/loader:1441:32)
    at Function._load (node:internal/modules/cjs/loader:1263:12)
    at TracingChannel.traceSync (node:diagnostics_channel:328:14)
    at wrapModuleLoad (node:internal/modules/cjs/loader:237:24)
    at Module.require (node:internal/modules/cjs/loader:1463:12)
    at require (node:internal/modules/helpers:147:16)
2026-02-13T06:53:39.830Z LOG [NestFactory] Starting Nest application...
2026-02-13T06:53:39.839Z LOG [InstanceLoader] ThrottlerModule dependencies initialized
2026-02-13T06:53:39.840Z LOG [InstanceLoader] ConfigHostModule dependencies initialized
2026-02-13T06:53:39.840Z LOG [InstanceLoader] AppModule dependencies initialized
2026-02-13T06:53:39.840Z LOG [InstanceLoader] ConfigModule dependencies initialized
2026-02-13T06:53:39.840Z LOG [InstanceLoader] ConfigModule dependencies initialized
2026-02-13T06:53:39.843Z LOG [InstanceLoader] PrismaModule dependencies initialized
2026-02-13T06:53:39.844Z LOG [InstanceLoader] HealthModule dependencies initialized
2026-02-13T06:53:39.844Z LOG [InstanceLoader] UsersModule dependencies initialized
2026-02-13T06:53:39.844Z LOG [InstanceLoader] ItemsGroupMasterModule dependencies initialized
2026-02-13T06:53:39.844Z LOG [InstanceLoader] AuthModule dependencies initialized
2026-02-13T06:53:39.872Z LOG [RoutesResolver] HealthController {/api/health} (version: 1):
2026-02-13T06:53:39.874Z LOG [RouterExplorer] Mapped {/api/health, GET} (version: 1) route
2026-02-13T06:53:39.874Z LOG [RoutesResolver] UsersController {/api/users} (version: 1):
2026-02-13T06:53:39.874Z LOG [RouterExplorer] Mapped {/api/users, POST} (version: 1) route
2026-02-13T06:53:39.875Z LOG [RouterExplorer] Mapped {/api/users, GET} (version: 1) route
2026-02-13T06:53:39.875Z LOG [RouterExplorer] Mapped {/api/users/:id, GET} (version: 1) route
2026-02-13T06:53:39.875Z LOG [RouterExplorer] Mapped {/api/users/:id, PATCH} (version: 1) route
2026-02-13T06:53:39.876Z LOG [RouterExplorer] Mapped {/api/users/:id, DELETE} (version: 1) route
2026-02-13T06:53:39.876Z LOG [RoutesResolver] ItemsGroupMasterController {/api/item-groups} (version: 1):
2026-02-13T06:53:39.876Z LOG [RouterExplorer] Mapped {/api/item-groups/create, POST} (version: 1) route
2026-02-13T06:53:39.876Z LOG [RouterExplorer] Mapped {/api/item-groups/list, GET} (version: 1) route
2026-02-13T06:53:39.877Z LOG [RouterExplorer] Mapped {/api/item-groups/get/:itg_id, GET} (version: 1) route
2026-02-13T06:53:39.877Z LOG [RouterExplorer] Mapped {/api/item-groups/delete/:itg_id, DELETE} (version: 1) route
2026-02-13T06:53:39.877Z LOG [RoutesResolver] AuthController {/api/auth} (version: 1):
2026-02-13T06:53:39.877Z LOG [RouterExplorer] Mapped {/api/auth/login, POST} (version: 1) route
2026-02-13T06:53:39.879Z LOG [NestApplication] Nest application successfully started
2026-02-13T06:53:39.934Z LOG [Bootstrap] API docs URL: https://[::1]:3010/api/docs
2026-02-13T06:53:39.935Z LOG [Bootstrap] DB connected: true
2026-02-13T06:54:32.954Z LOG [RequestLoggerMiddleware] POST /api/v1/auth/login 200 - 44.2ms
2026-02-13T06:56:17.193Z LOG [RequestLoggerMiddleware] POST /api/v1/auth/login 200 - 36.4ms
2026-02-13T06:56:17.622Z LOG [RequestLoggerMiddleware] POST /api/v1/auth/login 200 - 36.5ms
2026-02-13T06:56:17.848Z LOG [RequestLoggerMiddleware] POST /api/v1/auth/login 200 - 38.1ms
2026-02-13T06:56:18.050Z LOG [RequestLoggerMiddleware] POST /api/v1/auth/login 200 - 36.6ms
2026-02-13T06:56:18.234Z LOG [RequestLoggerMiddleware] POST /api/v1/auth/login 200 - 33.4ms
2026-02-13T06:56:18.417Z LOG [RequestLoggerMiddleware] POST /api/v1/auth/login 200 - 31.2ms
2026-02-13T06:56:18.569Z LOG [RequestLoggerMiddleware] POST /api/v1/auth/login 200 - 29.7ms
2026-02-13T06:56:18.827Z LOG [RequestLoggerMiddleware] POST /api/v1/auth/login 200 - 30.2ms
2026-02-13T06:56:19.066Z LOG [RequestLoggerMiddleware] POST /api/v1/auth/login 200 - 32.5ms
2026-02-13T06:56:19.293Z LOG [RequestLoggerMiddleware] POST /api/v1/auth/login 200 - 29.1ms
2026-02-13T06:56:19.482Z LOG [RequestLoggerMiddleware] POST /api/v1/auth/login 200 - 30.7ms
2026-02-13T06:56:21.549Z LOG [RequestLoggerMiddleware] POST /api/v1/auth/login 200 - 30.5ms
2026-02-13T06:56:21.762Z LOG [RequestLoggerMiddleware] POST /api/v1/auth/login 200 - 34.8ms
2026-02-13T06:56:21.967Z LOG [RequestLoggerMiddleware] POST /api/v1/auth/login 200 - 37.5ms
2026-02-13T06:56:22.154Z LOG [RequestLoggerMiddleware] POST /api/v1/auth/login 200 - 29.3ms
2026-02-13T06:56:22.366Z LOG [RequestLoggerMiddleware] POST /api/v1/auth/login 200 - 30.7ms
2026-02-13T06:56:22.568Z LOG [RequestLoggerMiddleware] POST /api/v1/auth/login 200 - 31.6ms
2026-02-13T06:56:22.738Z LOG [RequestLoggerMiddleware] POST /api/v1/auth/login 200 - 29.1ms
2026-02-13T06:56:22.921Z LOG [RequestLoggerMiddleware] POST /api/v1/auth/login 200 - 28.8ms
2026-02-13T06:56:23.100Z LOG [RequestLoggerMiddleware] POST /api/v1/auth/login 200 - 30.5ms
2026-02-13T06:56:23.295Z LOG [RequestLoggerMiddleware] POST /api/v1/auth/login 200 - 29.8ms
2026-02-13T06:56:23.470Z LOG [RequestLoggerMiddleware] POST /api/v1/auth/login 200 - 30.9ms
2026-02-13T06:56:23.661Z LOG [RequestLoggerMiddleware] POST /api/v1/auth/login 200 - 29.8ms
2026-02-13T06:56:23.850Z LOG [RequestLoggerMiddleware] POST /api/v1/auth/login 200 - 31.0ms
2026-02-13T06:56:24.035Z LOG [RequestLoggerMiddleware] POST /api/v1/auth/login 200 - 33.9ms
2026-02-13T06:56:24.203Z LOG [RequestLoggerMiddleware] POST /api/v1/auth/login 200 - 30.4ms
2026-02-13T06:56:24.371Z LOG [RequestLoggerMiddleware] POST /api/v1/auth/login 200 - 31.6ms
2026-02-13T06:56:24.540Z LOG [RequestLoggerMiddleware] POST /api/v1/auth/login 200 - 31.7ms
2026-02-13T06:56:24.711Z LOG [RequestLoggerMiddleware] POST /api/v1/auth/login 200 - 29.3ms
2026-02-13T06:56:24.883Z LOG [RequestLoggerMiddleware] POST /api/v1/auth/login 200 - 31.0ms
2026-02-13T06:56:25.051Z LOG [RequestLoggerMiddleware] POST /api/v1/auth/login 200 - 30.2ms
2026-02-13T06:56:25.214Z LOG [RequestLoggerMiddleware] POST /api/v1/auth/login 200 - 30.3ms
2026-02-13T06:56:25.388Z LOG [RequestLoggerMiddleware] POST /api/v1/auth/login 200 - 31.3ms
2026-02-13T06:56:25.586Z LOG [RequestLoggerMiddleware] POST /api/v1/auth/login 200 - 31.7ms
2026-02-13T06:56:25.765Z LOG [RequestLoggerMiddleware] POST /api/v1/auth/login 200 - 30.7ms
2026-02-13T06:56:25.939Z LOG [RequestLoggerMiddleware] POST /api/v1/auth/login 200 - 29.7ms
2026-02-13T06:56:26.120Z LOG [RequestLoggerMiddleware] POST /api/v1/auth/login 200 - 34.1ms
2026-02-13T06:56:26.295Z LOG [RequestLoggerMiddleware] POST /api/v1/auth/login 200 - 31.8ms
2026-02-13T06:56:26.468Z LOG [RequestLoggerMiddleware] POST /api/v1/auth/login 200 - 31.8ms
2026-02-13T06:56:26.643Z LOG [RequestLoggerMiddleware] POST /api/v1/auth/login 200 - 29.9ms
2026-02-13T06:56:26.829Z LOG [RequestLoggerMiddleware] POST /api/v1/auth/login 200 - 29.9ms
2026-02-13T06:56:26.998Z LOG [RequestLoggerMiddleware] POST /api/v1/auth/login 200 - 32.0ms
2026-02-13T06:56:27.186Z LOG [RequestLoggerMiddleware] POST /api/v1/auth/login 200 - 29.3ms
2026-02-13T06:56:27.362Z LOG [RequestLoggerMiddleware] POST /api/v1/auth/login 200 - 29.6ms
2026-02-13T06:56:27.529Z LOG [RequestLoggerMiddleware] POST /api/v1/auth/login 200 - 29.5ms
2026-02-13T06:56:27.701Z LOG [RequestLoggerMiddleware] POST /api/v1/auth/login 200 - 31.7ms
2026-02-13T06:56:27.870Z LOG [RequestLoggerMiddleware] POST /api/v1/auth/login 200 - 32.4ms
2026-02-13T06:56:28.053Z LOG [RequestLoggerMiddleware] POST /api/v1/auth/login 200 - 36.1ms
2026-02-13T06:56:28.223Z LOG [RequestLoggerMiddleware] POST /api/v1/auth/login 200 - 33.0ms
2026-02-13T06:56:28.381Z LOG [RequestLoggerMiddleware] POST /api/v1/auth/login 200 - 32.9ms
2026-02-13T06:56:28.579Z LOG [RequestLoggerMiddleware] POST /api/v1/auth/login 200 - 30.2ms
2026-02-13T06:56:28.742Z LOG [RequestLoggerMiddleware] POST /api/v1/auth/login 200 - 31.0ms
2026-02-13T06:56:28.927Z LOG [RequestLoggerMiddleware] POST /api/v1/auth/login 200 - 31.9ms
2026-02-13T06:56:29.117Z LOG [RequestLoggerMiddleware] POST /api/v1/auth/login 200 - 32.7ms
2026-02-13T06:56:29.289Z LOG [RequestLoggerMiddleware] POST /api/v1/auth/login 200 - 32.7ms
2026-02-13T06:56:29.486Z LOG [RequestLoggerMiddleware] POST /api/v1/auth/login 200 - 32.6ms
2026-02-13T06:56:29.684Z LOG [RequestLoggerMiddleware] POST /api/v1/auth/login 200 - 32.3ms
2026-02-13T06:56:29.853Z LOG [RequestLoggerMiddleware] POST /api/v1/auth/login 200 - 32.6ms
2026-02-13T06:56:30.039Z LOG [RequestLoggerMiddleware] POST /api/v1/auth/login 200 - 33.0ms
2026-02-13T06:56:30.237Z LOG [RequestLoggerMiddleware] POST /api/v1/auth/login 200 - 33.8ms
2026-02-13T06:56:30.424Z LOG [RequestLoggerMiddleware] POST /api/v1/auth/login 200 - 30.8ms
2026-02-13T06:56:30.595Z LOG [RequestLoggerMiddleware] POST /api/v1/auth/login 200 - 30.3ms
2026-02-13T06:56:30.784Z LOG [RequestLoggerMiddleware] POST /api/v1/auth/login 200 - 34.0ms
2026-02-13T06:56:30.993Z LOG [RequestLoggerMiddleware] POST /api/v1/auth/login 200 - 34.0ms
2026-02-13T06:56:31.172Z LOG [RequestLoggerMiddleware] POST /api/v1/auth/login 200 - 30.9ms
2026-02-13T06:56:31.348Z LOG [RequestLoggerMiddleware] POST /api/v1/auth/login 200 - 30.8ms
2026-02-13T06:56:31.535Z LOG [RequestLoggerMiddleware] POST /api/v1/auth/login 200 - 33.1ms
2026-02-13T06:56:31.721Z LOG [RequestLoggerMiddleware] POST /api/v1/auth/login 200 - 30.1ms
2026-02-13T06:56:31.921Z LOG [RequestLoggerMiddleware] POST /api/v1/auth/login 200 - 33.9ms
2026-02-13T06:56:32.106Z LOG [RequestLoggerMiddleware] POST /api/v1/auth/login 200 - 33.8ms
2026-02-13T06:56:32.301Z LOG [RequestLoggerMiddleware] POST /api/v1/auth/login 200 - 35.3ms
2026-02-13T06:56:32.475Z LOG [RequestLoggerMiddleware] POST /api/v1/auth/login 200 - 30.2ms
2026-02-13T06:56:32.685Z LOG [RequestLoggerMiddleware] POST /api/v1/auth/login 200 - 34.5ms
2026-02-13T06:56:32.840Z LOG [RequestLoggerMiddleware] POST /api/v1/auth/login 200 - 31.0ms
2026-02-13T06:56:33.022Z LOG [RequestLoggerMiddleware] POST /api/v1/auth/login 200 - 30.5ms
2026-02-13T06:56:33.209Z LOG [RequestLoggerMiddleware] POST /api/v1/auth/login 200 - 30.9ms
2026-02-13T06:56:33.404Z LOG [RequestLoggerMiddleware] POST /api/v1/auth/login 200 - 29.8ms
2026-02-13T06:56:33.630Z LOG [RequestLoggerMiddleware] POST /api/v1/auth/login 200 - 31.3ms
2026-02-13T06:56:33.808Z LOG [RequestLoggerMiddleware] POST /api/v1/auth/login 200 - 31.3ms
2026-02-13T06:56:33.983Z LOG [RequestLoggerMiddleware] POST /api/v1/auth/login 200 - 32.0ms
2026-02-13T06:56:34.171Z LOG [RequestLoggerMiddleware] POST /api/v1/auth/login 200 - 29.9ms
2026-02-13T06:56:34.353Z LOG [RequestLoggerMiddleware] POST /api/v1/auth/login 200 - 32.1ms
2026-02-13T06:56:34.526Z LOG [RequestLoggerMiddleware] POST /api/v1/auth/login 200 - 31.5ms
2026-02-13T06:56:34.720Z LOG [RequestLoggerMiddleware] POST /api/v1/auth/login 200 - 31.2ms
2026-02-13T06:56:34.886Z LOG [RequestLoggerMiddleware] POST /api/v1/auth/login 200 - 32.6ms
2026-02-13T06:56:35.086Z LOG [RequestLoggerMiddleware] POST /api/v1/auth/login 200 - 31.7ms
2026-02-13T06:56:35.287Z LOG [RequestLoggerMiddleware] POST /api/v1/auth/login 200 - 33.3ms
2026-02-13T06:56:35.490Z LOG [RequestLoggerMiddleware] POST /api/v1/auth/login 200 - 29.6ms
2026-02-13T06:56:35.669Z LOG [RequestLoggerMiddleware] POST /api/v1/auth/login 200 - 30.4ms
2026-02-13T06:56:35.870Z LOG [RequestLoggerMiddleware] POST /api/v1/auth/login 200 - 32.5ms
2026-02-13T06:56:36.060Z LOG [RequestLoggerMiddleware] POST /api/v1/auth/login 200 - 30.4ms
2026-02-13T06:56:36.250Z LOG [RequestLoggerMiddleware] POST /api/v1/auth/login 200 - 34.1ms
2026-02-13T06:56:36.451Z LOG [RequestLoggerMiddleware] POST /api/v1/auth/login 200 - 31.1ms
2026-02-13T06:56:36.637Z LOG [RequestLoggerMiddleware] POST /api/v1/auth/login 200 - 31.2ms
2026-02-13T06:56:36.864Z LOG [RequestLoggerMiddleware] POST /api/v1/auth/login 200 - 30.5ms
2026-02-13T06:56:37.035Z LOG [RequestLoggerMiddleware] POST /api/v1/auth/login 200 - 32.2ms
2026-02-13T06:56:37.221Z LOG [RequestLoggerMiddleware] POST /api/v1/auth/login 200 - 29.0ms
2026-02-13T06:56:37.441Z LOG [RequestLoggerMiddleware] POST /api/v1/auth/login 200 - 33.1ms
2026-02-13T06:56:37.621Z LOG [RequestLoggerMiddleware] POST /api/v1/auth/login 200 - 30.1ms
2026-02-13T06:56:37.822Z LOG [RequestLoggerMiddleware] POST /api/v1/auth/login 200 - 32.3ms
2026-02-13T06:56:38.008Z LOG [RequestLoggerMiddleware] POST /api/v1/auth/login 429 - 1.0ms
2026-02-13T06:56:38.200Z LOG [RequestLoggerMiddleware] POST /api/v1/auth/login 429 - 0.9ms
2026-02-13T06:56:38.408Z LOG [RequestLoggerMiddleware] POST /api/v1/auth/login 429 - 0.6ms
2026-02-13T06:56:38.687Z LOG [RequestLoggerMiddleware] POST /api/v1/auth/login 429 - 0.6ms
2026-02-13T06:57:17.145Z LOG [RequestLoggerMiddleware] POST /api/v1/auth/login 429 - 0.7ms
2026-02-13T07:03:56.780Z LOG [NestFactory] Starting Nest application...
2026-02-13T07:03:56.789Z LOG [InstanceLoader] ThrottlerModule dependencies initialized
2026-02-13T07:03:56.789Z LOG [InstanceLoader] ConfigHostModule dependencies initialized
2026-02-13T07:03:56.789Z LOG [InstanceLoader] AppModule dependencies initialized
2026-02-13T07:03:56.789Z LOG [InstanceLoader] ConfigModule dependencies initialized
2026-02-13T07:03:56.789Z LOG [InstanceLoader] ConfigModule dependencies initialized
2026-02-13T07:03:56.793Z LOG [InstanceLoader] PrismaModule dependencies initialized
2026-02-13T07:03:56.793Z LOG [InstanceLoader] HealthModule dependencies initialized
2026-02-13T07:03:56.793Z LOG [InstanceLoader] UsersModule dependencies initialized
2026-02-13T07:03:56.793Z LOG [InstanceLoader] ItemsGroupMasterModule dependencies initialized
2026-02-13T07:03:56.794Z LOG [InstanceLoader] AuthModule dependencies initialized
2026-02-13T07:03:56.820Z LOG [RoutesResolver] HealthController {/api/health} (version: 1):
2026-02-13T07:03:56.822Z LOG [RouterExplorer] Mapped {/api/health, GET} (version: 1) route
2026-02-13T07:03:56.822Z LOG [RoutesResolver] UsersController {/api/users} (version: 1):
2026-02-13T07:03:56.822Z LOG [RouterExplorer] Mapped {/api/users, POST} (version: 1) route
2026-02-13T07:03:56.822Z LOG [RouterExplorer] Mapped {/api/users, GET} (version: 1) route
2026-02-13T07:03:56.823Z LOG [RouterExplorer] Mapped {/api/users/:id, GET} (version: 1) route
2026-02-13T07:03:56.823Z LOG [RouterExplorer] Mapped {/api/users/:id, PATCH} (version: 1) route
2026-02-13T07:03:56.823Z LOG [RouterExplorer] Mapped {/api/users/:id, DELETE} (version: 1) route
2026-02-13T07:03:56.823Z LOG [RoutesResolver] ItemsGroupMasterController {/api/item-groups} (version: 1):
2026-02-13T07:03:56.823Z LOG [RouterExplorer] Mapped {/api/item-groups/create, POST} (version: 1) route
2026-02-13T07:03:56.824Z LOG [RouterExplorer] Mapped {/api/item-groups/list, GET} (version: 1) route
2026-02-13T07:03:56.824Z LOG [RouterExplorer] Mapped {/api/item-groups/get/:itg_id, GET} (version: 1) route
2026-02-13T07:03:56.824Z LOG [RouterExplorer] Mapped {/api/item-groups/delete/:itg_id, DELETE} (version: 1) route
2026-02-13T07:03:56.824Z LOG [RoutesResolver] AuthController {/api/auth} (version: 1):
2026-02-13T07:03:56.824Z LOG [RouterExplorer] Mapped {/api/auth/login, POST} (version: 1) route
2026-02-13T07:03:56.826Z LOG [NestApplication] Nest application successfully started
2026-02-13T07:03:56.880Z LOG [Bootstrap] API docs URL: https://[::1]:3010/api/docs
2026-02-13T07:03:56.880Z LOG [Bootstrap] DB connected: true
2026-02-13T07:04:53.055Z LOG [RequestLoggerMiddleware] GET /api/v1/item-groups/list 304 - 23.0ms
2026-02-13T07:08:04.245Z LOG [RequestLoggerMiddleware] GET /api/v1/item-groups/list 304 - 13.7ms
2026-02-13T07:09:01.809Z LOG [RequestLoggerMiddleware] GET /api/v1/item-groups/list?page=1&limit=20 200 - 12.9ms
2026-02-13T07:10:41.302Z LOG [RequestLoggerMiddleware] GET /api/v1/item-groups/list 200 - 14.5ms
2026-02-13T07:17:40.087Z LOG [RequestLoggerMiddleware] POST /api/v1/item-groups/create 404 - 9.6ms
2026-02-13T07:26:47.671Z LOG [RequestLoggerMiddleware] GET /api/v1/item-groups/list 304 - 29.6ms
2026-02-13T07:26:47.723Z LOG [RequestLoggerMiddleware] GET /api/v1/item-groups/list 200 - 17.1ms
2026-02-13T08:17:00.081Z LOG [RequestLoggerMiddleware] GET /api/v1/item-groups/list 304 - 18.8ms
2026-02-13T08:17:00.091Z LOG [RequestLoggerMiddleware] GET /api/v1/item-groups/list 200 - 16.1ms
2026-02-13T08:17:27.488Z LOG [RequestLoggerMiddleware] GET /api/v1/item-groups/list 200 - 12.7ms
2026-02-13T08:17:27.499Z LOG [RequestLoggerMiddleware] GET /api/v1/item-groups/list 304 - 19.9ms
2026-02-13T08:17:49.169Z LOG [RequestLoggerMiddleware] GET /api/v1/item-groups/list 304 - 10.4ms
2026-02-13T08:17:49.169Z LOG [RequestLoggerMiddleware] GET /api/v1/item-groups/list 200 - 10.4ms
2026-02-13T08:21:13.315Z LOG [RequestLoggerMiddleware] GET /api/v1/item-groups/list 304 - 9.4ms
2026-02-13T08:21:13.319Z LOG [RequestLoggerMiddleware] GET /api/v1/item-groups/list 200 - 10.1ms
2026-02-13T08:21:14.499Z LOG [RequestLoggerMiddleware] GET /api/v1/item-groups/list 304 - 11.9ms
2026-02-13T08:21:14.499Z LOG [RequestLoggerMiddleware] GET /api/v1/item-groups/list 200 - 10.0ms
2026-02-13T08:21:15.837Z LOG [RequestLoggerMiddleware] GET /api/v1/item-groups/list 304 - 9.8ms
2026-02-13T08:21:15.840Z LOG [RequestLoggerMiddleware] GET /api/v1/item-groups/list 200 - 14.6ms
2026-02-13T08:21:17.204Z LOG [RequestLoggerMiddleware] GET /api/v1/item-groups/list 304 - 10.1ms
2026-02-13T08:21:17.204Z LOG [RequestLoggerMiddleware] GET /api/v1/item-groups/list 200 - 12.3ms
2026-02-13T08:21:22.222Z LOG [RequestLoggerMiddleware] GET /api/v1/item-groups/list 200 - 10.0ms
2026-02-13T08:21:22.225Z LOG [RequestLoggerMiddleware] GET /api/v1/item-groups/list 304 - 9.1ms
2026-02-13T08:21:29.853Z LOG [RequestLoggerMiddleware] GET /api/v1/item-groups/list 304 - 11.1ms
2026-02-13T08:21:29.855Z LOG [RequestLoggerMiddleware] GET /api/v1/item-groups/list 200 - 10.0ms
2026-02-13T08:38:54.802Z LOG [RequestLoggerMiddleware] OPTIONS /api/v1/auth/login 404 - 1.7ms
2026-02-13T08:39:40.289Z LOG [RequestLoggerMiddleware] OPTIONS /api/v1/auth/login 404 - 0.5ms
2026-02-13T08:40:34.540Z LOG [RequestLoggerMiddleware] OPTIONS /api/v1/auth/login 404 - 0.7ms
2026-02-13T08:42:12.122Z LOG [NestFactory] Starting Nest application...
2026-02-13T08:42:12.132Z LOG [InstanceLoader] ThrottlerModule dependencies initialized
2026-02-13T08:42:12.132Z LOG [InstanceLoader] ConfigHostModule dependencies initialized
2026-02-13T08:42:12.132Z LOG [InstanceLoader] AppModule dependencies initialized
2026-02-13T08:42:12.132Z LOG [InstanceLoader] ConfigModule dependencies initialized
2026-02-13T08:42:12.132Z LOG [InstanceLoader] ConfigModule dependencies initialized
2026-02-13T08:42:12.136Z LOG [InstanceLoader] PrismaModule dependencies initialized
2026-02-13T08:42:12.136Z LOG [InstanceLoader] HealthModule dependencies initialized
2026-02-13T08:42:12.137Z LOG [InstanceLoader] UsersModule dependencies initialized
2026-02-13T08:42:12.137Z LOG [InstanceLoader] ItemsGroupMasterModule dependencies initialized
2026-02-13T08:42:12.137Z LOG [InstanceLoader] AuthModule dependencies initialized
2026-02-13T08:42:12.169Z LOG [RoutesResolver] HealthController {/api/health} (version: 1):
2026-02-13T08:42:12.170Z LOG [RouterExplorer] Mapped {/api/health, GET} (version: 1) route
2026-02-13T08:42:12.170Z LOG [RoutesResolver] UsersController {/api/users} (version: 1):
2026-02-13T08:42:12.171Z LOG [RouterExplorer] Mapped {/api/users, POST} (version: 1) route
2026-02-13T08:42:12.171Z LOG [RouterExplorer] Mapped {/api/users, GET} (version: 1) route
2026-02-13T08:42:12.172Z LOG [RouterExplorer] Mapped {/api/users/:id, GET} (version: 1) route
2026-02-13T08:42:12.172Z LOG [RouterExplorer] Mapped {/api/users/:id, PATCH} (version: 1) route
2026-02-13T08:42:12.172Z LOG [RouterExplorer] Mapped {/api/users/:id, DELETE} (version: 1) route
2026-02-13T08:42:12.172Z LOG [RoutesResolver] ItemsGroupMasterController {/api/item-groups} (version: 1):
2026-02-13T08:42:12.173Z LOG [RouterExplorer] Mapped {/api/item-groups/create, POST} (version: 1) route
2026-02-13T08:42:12.173Z LOG [RouterExplorer] Mapped {/api/item-groups/list, GET} (version: 1) route
2026-02-13T08:42:12.173Z LOG [RouterExplorer] Mapped {/api/item-groups/get/:itg_id, GET} (version: 1) route
2026-02-13T08:42:12.173Z LOG [RouterExplorer] Mapped {/api/item-groups/delete/:itg_id, DELETE} (version: 1) route
2026-02-13T08:42:12.174Z LOG [RoutesResolver] AuthController {/api/auth} (version: 1):
2026-02-13T08:42:12.174Z LOG [RouterExplorer] Mapped {/api/auth/login, POST} (version: 1) route
2026-02-13T08:42:12.176Z LOG [NestApplication] Nest application successfully started
2026-02-13T08:42:12.236Z LOG [Bootstrap] API docs URL: https://[::1]:3010/api/docs
2026-02-13T08:42:12.236Z LOG [Bootstrap] DB connected: true
2026-02-13T08:42:26.308Z LOG [RequestLoggerMiddleware] POST /api/v1/auth/login 200 - 55.8ms
2026-02-13T08:43:11.308Z LOG [RequestLoggerMiddleware] POST /api/v1/auth/login 200 - 47.0ms
2026-02-13T08:43:16.961Z LOG [RequestLoggerMiddleware] POST /api/v1/auth/login 200 - 40.8ms
2026-02-13T08:44:53.005Z LOG [RequestLoggerMiddleware] GET /api/v1/item-groups/list 200 - 23.8ms
2026-02-13T09:08:03.757Z LOG [RequestLoggerMiddleware] POST /api/v1/auth/login 200 - 41.6ms
2026-02-13T10:45:52.330Z LOG [RequestLoggerMiddleware] POST /api/v1/item-groups/create 404 - 9.0ms
2026-02-13T10:47:03.698Z LOG [RequestLoggerMiddleware] GET /api/v1/item-groups/list 304 - 12.6ms
2026-02-13T10:50:11.054Z LOG [RequestLoggerMiddleware] GET /api/v1/item-groups/list 200 - 18.9ms
2026-02-13T10:50:11.059Z LOG [RequestLoggerMiddleware] GET /api/v1/item-groups/list 304 - 22.7ms
2026-02-13T10:50:11.074Z LOG [RequestLoggerMiddleware] GET /api/v1/item-groups/list 200 - 17.1ms
2026-02-13T10:50:15.976Z LOG [RequestLoggerMiddleware] GET /api/v1/item-groups/list 304 - 15.4ms
2026-02-13T10:50:15.978Z LOG [RequestLoggerMiddleware] GET /api/v1/item-groups/list 200 - 15.9ms
2026-02-13T10:50:16.041Z LOG [RequestLoggerMiddleware] GET /api/v1/item-groups/list 200 - 16.5ms
2026-02-13T10:51:25.261Z LOG [RequestLoggerMiddleware] POST /api/v1/item-groups/create 201 - 5.0ms
2026-02-13T10:51:25.293Z LOG [RequestLoggerMiddleware] GET /api/v1/item-groups/list 200 - 21.6ms
2026-02-13T10:58:04.290Z LOG [RequestLoggerMiddleware] GET /api/v1/item-groups/list 304 - 20.8ms
2026-02-13T10:58:04.294Z LOG [RequestLoggerMiddleware] GET /api/v1/item-groups/list 200 - 25.6ms
2026-02-13T10:58:04.319Z LOG [RequestLoggerMiddleware] GET /api/v1/item-groups/list 200 - 23.0ms
2026-02-13T10:58:47.044Z LOG [RequestLoggerMiddleware] GET /api/v1/item-groups/list 200 - 13.6ms
2026-02-13T10:58:47.045Z LOG [RequestLoggerMiddleware] GET /api/v1/item-groups/list 304 - 13.6ms
2026-02-13T10:58:47.068Z LOG [RequestLoggerMiddleware] GET /api/v1/item-groups/list 200 - 18.1ms
2026-02-13T10:59:47.261Z LOG [RequestLoggerMiddleware] GET /api/v1/item-groups/list 200 - 12.0ms
2026-02-13T10:59:47.273Z LOG [RequestLoggerMiddleware] GET /api/v1/item-groups/list 304 - 17.5ms
2026-02-13T10:59:47.286Z LOG [RequestLoggerMiddleware] GET /api/v1/item-groups/list 200 - 16.1ms
2026-02-13T11:04:29.966Z LOG [RequestLoggerMiddleware] GET /api/v1/item-groups/list 200 - 16.1ms
2026-02-13T11:04:30.663Z LOG [RequestLoggerMiddleware] GET /api/v1/item-groups/list 304 - 11.4ms
2026-02-13T11:04:30.873Z LOG [RequestLoggerMiddleware] GET /api/v1/item-groups/list 200 - 10.5ms
2026-02-13T11:04:57.576Z LOG [RequestLoggerMiddleware] GET /api/v1/item-groups/list?search=B 200 - 15.4ms
2026-02-13T11:04:59.804Z LOG [RequestLoggerMiddleware] GET /api/v1/item-groups/list?search=BG 200 - 21.1ms
2026-02-13T11:05:02.765Z LOG [RequestLoggerMiddleware] GET /api/v1/item-groups/list?search=BG1 200 - 22.2ms
2026-02-13T11:05:04.000Z LOG [RequestLoggerMiddleware] GET /api/v1/item-groups/list?search=BG10 200 - 27.1ms
2026-02-13T11:05:05.209Z LOG [RequestLoggerMiddleware] GET /api/v1/item-groups/list?search=BG100 200 - 25.5ms
2026-02-13T11:05:13.969Z LOG [RequestLoggerMiddleware] GET /api/v1/item-groups/list?search=BG1000 200 - 24.9ms
2026-02-13T11:05:15.734Z LOG [RequestLoggerMiddleware] GET /api/v1/item-groups/list?search=BG10000 200 - 25.5ms
2026-02-13T11:05:18.613Z LOG [RequestLoggerMiddleware] GET /api/v1/item-groups/list?search=BG1000 304 - 25.0ms
2026-02-13T11:05:21.071Z LOG [RequestLoggerMiddleware] GET /api/v1/item-groups/list?search=BG100 304 - 26.6ms
2026-02-13T11:05:23.466Z LOG [RequestLoggerMiddleware] GET /api/v1/item-groups/list?search=BG 304 - 21.3ms
2026-02-13T11:05:25.069Z LOG [RequestLoggerMiddleware] GET /api/v1/item-groups/list 304 - 8.7ms
2026-02-13T11:05:51.708Z LOG [RequestLoggerMiddleware] POST /api/v1/item-groups/create 201 - 2.7ms
2026-02-13T11:05:51.721Z LOG [RequestLoggerMiddleware] GET /api/v1/item-groups/list 200 - 10.3ms
2026-02-13T11:06:20.695Z LOG [RequestLoggerMiddleware] POST /api/v1/item-groups/create 201 - 2.4ms
2026-02-13T11:06:20.709Z LOG [RequestLoggerMiddleware] GET /api/v1/item-groups/list 200 - 11.2ms
2026-02-13T11:30:44.752Z LOG [RequestLoggerMiddleware] POST /api/v1/auth/login 200 - 50.5ms
2026-02-13T11:35:21.882Z LOG [RequestLoggerMiddleware] GET /api/v1/item-groups/list 200 - 15.1ms
2026-02-13T11:35:23.439Z LOG [RequestLoggerMiddleware] GET /api/v1/item-groups/list 200 - 13.8ms
2026-02-13T11:35:35.618Z LOG [RequestLoggerMiddleware] GET /api/v1/item-groups/list 304 - 10.6ms
2026-02-13T11:43:07.541Z LOG [RequestLoggerMiddleware] GET /api/v1/item-groups/list?search=df 200 - 28.9ms
2026-02-13T11:43:08.997Z LOG [RequestLoggerMiddleware] GET /api/v1/item-groups/list 304 - 10.3ms
2026-02-13T11:43:11.148Z LOG [RequestLoggerMiddleware] GET /api/v1/item-groups/list?search=v 200 - 24.5ms
2026-02-13T11:43:16.717Z LOG [RequestLoggerMiddleware] GET /api/v1/item-groups/list 304 - 9.6ms
2026-02-13T11:47:31.483Z LOG [RequestLoggerMiddleware] GET /api/v1/item-groups/list 304 - 10.3ms
2026-02-13T11:47:31.490Z LOG [RequestLoggerMiddleware] GET /api/v1/item-groups/list 200 - 14.4ms
2026-02-13T11:47:31.877Z LOG [RequestLoggerMiddleware] GET /api/v1/item-groups/list 200 - 15.2ms
2026-02-13T11:48:01.343Z LOG [RequestLoggerMiddleware] GET /api/v1/item-groups/list 304 - 14.5ms
2026-02-13T11:48:01.344Z LOG [RequestLoggerMiddleware] GET /api/v1/item-groups/list 200 - 12.4ms
2026-02-13T11:48:01.875Z LOG [RequestLoggerMiddleware] GET /api/v1/item-groups/list 200 - 12.9ms
2026-02-13T11:48:30.515Z LOG [RequestLoggerMiddleware] GET /api/v1/item-groups/list 304 - 10.1ms
2026-02-13T11:48:30.519Z LOG [RequestLoggerMiddleware] GET /api/v1/item-groups/list 200 - 10.5ms
2026-02-13T11:48:30.871Z LOG [RequestLoggerMiddleware] GET /api/v1/item-groups/list 200 - 10.0ms
2026-02-13T11:48:44.460Z LOG [RequestLoggerMiddleware] GET /api/v1/item-groups/list 304 - 9.3ms
2026-02-13T11:48:44.460Z LOG [RequestLoggerMiddleware] GET /api/v1/item-groups/list 200 - 10.7ms
2026-02-13T11:48:44.871Z LOG [RequestLoggerMiddleware] GET /api/v1/item-groups/list 200 - 9.8ms
2026-02-13T11:49:01.551Z LOG [RequestLoggerMiddleware] GET /api/v1/item-groups/list 304 - 10.6ms
2026-02-13T11:49:01.552Z LOG [RequestLoggerMiddleware] GET /api/v1/item-groups/list 200 - 10.6ms
2026-02-13T11:49:01.873Z LOG [RequestLoggerMiddleware] GET /api/v1/item-groups/list 200 - 12.5ms
2026-02-13T11:49:51.549Z LOG [RequestLoggerMiddleware] GET /api/v1/item-groups/list 200 - 11.5ms
2026-02-13T11:49:51.578Z LOG [RequestLoggerMiddleware] GET /api/v1/item-groups/list 304 - 10.1ms
2026-02-13T11:49:51.871Z LOG [RequestLoggerMiddleware] GET /api/v1/item-groups/list 200 - 9.6ms
2026-02-13T11:49:53.259Z LOG [RequestLoggerMiddleware] GET /api/v1/item-groups/list 304 - 9.3ms
2026-02-13T11:49:53.261Z LOG [RequestLoggerMiddleware] GET /api/v1/item-groups/list 200 - 10.7ms
2026-02-13T11:49:53.871Z LOG [RequestLoggerMiddleware] GET /api/v1/item-groups/list 200 - 9.9ms
2026-02-13T11:50:15.773Z LOG [RequestLoggerMiddleware] GET /api/v1/item-groups/list 200 - 11.6ms
2026-02-13T11:50:15.796Z LOG [RequestLoggerMiddleware] GET /api/v1/item-groups/list 304 - 13.8ms
2026-02-13T11:50:15.872Z LOG [RequestLoggerMiddleware] GET /api/v1/item-groups/list 200 - 10.3ms
2026-02-13T11:50:17.288Z LOG [RequestLoggerMiddleware] GET /api/v1/item-groups/list 304 - 11.7ms
2026-02-13T11:50:17.288Z LOG [RequestLoggerMiddleware] GET /api/v1/item-groups/list 200 - 11.0ms
2026-02-13T11:50:17.872Z LOG [RequestLoggerMiddleware] GET /api/v1/item-groups/list 200 - 10.9ms
2026-02-13T11:50:37.989Z LOG [RequestLoggerMiddleware] GET /api/v1/item-groups/list 304 - 9.3ms
2026-02-13T11:50:37.990Z LOG [RequestLoggerMiddleware] GET /api/v1/item-groups/list 200 - 12.9ms
2026-02-13T11:50:38.874Z LOG [RequestLoggerMiddleware] GET /api/v1/item-groups/list 200 - 12.1ms
2026-02-13T11:50:43.894Z LOG [RequestLoggerMiddleware] GET /api/v1/item-groups/list 200 - 10.0ms
2026-02-13T11:50:43.895Z LOG [RequestLoggerMiddleware] GET /api/v1/item-groups/list 304 - 9.2ms
2026-02-13T11:50:44.872Z LOG [RequestLoggerMiddleware] GET /api/v1/item-groups/list 200 - 10.5ms
2026-02-13T11:51:01.076Z LOG [RequestLoggerMiddleware] GET /api/v1/item-groups/list 304 - 8.8ms
2026-02-13T11:51:01.078Z LOG [RequestLoggerMiddleware] GET /api/v1/item-groups/list 200 - 9.7ms
2026-02-13T11:51:01.872Z LOG [RequestLoggerMiddleware] GET /api/v1/item-groups/list 200 - 10.8ms
2026-02-13T11:51:16.136Z LOG [RequestLoggerMiddleware] GET /api/v1/item-groups/list 200 - 11.0ms
2026-02-13T11:51:16.144Z LOG [RequestLoggerMiddleware] GET /api/v1/item-groups/list 304 - 10.4ms
2026-02-13T11:51:16.870Z LOG [RequestLoggerMiddleware] GET /api/v1/item-groups/list 200 - 9.6ms
2026-02-13T11:51:31.773Z LOG [RequestLoggerMiddleware] GET /api/v1/item-groups/list 200 - 11.2ms
2026-02-13T11:51:31.803Z LOG [RequestLoggerMiddleware] GET /api/v1/item-groups/list 304 - 15.7ms
2026-02-13T11:51:31.872Z LOG [RequestLoggerMiddleware] GET /api/v1/item-groups/list 200 - 11.1ms
2026-02-13T11:51:40.370Z LOG [RequestLoggerMiddleware] GET /api/v1/item-groups/list 304 - 10.0ms
2026-02-13T11:51:40.371Z LOG [RequestLoggerMiddleware] GET /api/v1/item-groups/list 200 - 12.6ms
2026-02-13T11:51:40.876Z LOG [RequestLoggerMiddleware] GET /api/v1/item-groups/list 200 - 14.0ms
2026-02-13T11:52:11.801Z LOG [RequestLoggerMiddleware] GET /api/v1/item-groups/list 304 - 9.3ms
2026-02-13T11:52:11.802Z LOG [RequestLoggerMiddleware] GET /api/v1/item-groups/list 200 - 9.3ms
2026-02-13T11:52:11.871Z LOG [RequestLoggerMiddleware] GET /api/v1/item-groups/list 200 - 10.2ms
2026-02-13T11:52:15.504Z LOG [RequestLoggerMiddleware] GET /api/v1/item-groups/list 304 - 9.7ms
2026-02-13T11:52:15.505Z LOG [RequestLoggerMiddleware] GET /api/v1/item-groups/list 200 - 11.3ms
2026-02-13T11:52:15.874Z LOG [RequestLoggerMiddleware] GET /api/v1/item-groups/list 200 - 11.7ms
2026-02-13T11:52:24.577Z LOG [RequestLoggerMiddleware] GET /api/v1/item-groups/list 200 - 11.3ms
2026-02-13T11:52:24.601Z LOG [RequestLoggerMiddleware] GET /api/v1/item-groups/list 304 - 14.1ms
2026-02-13T11:52:24.875Z LOG [RequestLoggerMiddleware] GET /api/v1/item-groups/list 200 - 11.1ms
2026-02-13T11:52:29.586Z LOG [RequestLoggerMiddleware] GET /api/v1/item-groups/list 200 - 13.8ms
2026-02-13T11:52:29.592Z LOG [RequestLoggerMiddleware] GET /api/v1/item-groups/list 304 - 9.1ms
2026-02-13T11:52:29.876Z LOG [RequestLoggerMiddleware] GET /api/v1/item-groups/list 200 - 14.4ms
2026-02-13T11:52:31.139Z LOG [RequestLoggerMiddleware] GET /api/v1/item-groups/list 200 - 10.1ms
2026-02-13T11:52:31.141Z LOG [RequestLoggerMiddleware] GET /api/v1/item-groups/list 304 - 10.7ms
2026-02-13T11:52:31.875Z LOG [RequestLoggerMiddleware] GET /api/v1/item-groups/list 200 - 13.9ms
2026-02-13T11:53:46.999Z LOG [RequestLoggerMiddleware] GET /api/v1/item-groups/list 200 - 16.2ms
2026-02-13T11:53:47.013Z LOG [RequestLoggerMiddleware] GET /api/v1/item-groups/list 304 - 13.7ms
2026-02-13T11:53:47.875Z LOG [RequestLoggerMiddleware] GET /api/v1/item-groups/list 200 - 11.0ms
2026-02-13T11:53:54.795Z LOG [RequestLoggerMiddleware] GET /api/v1/item-groups/list 304 - 11.0ms
2026-02-13T11:53:54.803Z LOG [RequestLoggerMiddleware] GET /api/v1/item-groups/list 200 - 17.2ms
2026-02-13T11:53:54.874Z LOG [RequestLoggerMiddleware] GET /api/v1/item-groups/list 200 - 13.0ms
2026-02-13T11:54:12.759Z LOG [RequestLoggerMiddleware] GET /api/v1/item-groups/list 304 - 9.4ms
2026-02-13T11:54:12.761Z LOG [RequestLoggerMiddleware] GET /api/v1/item-groups/list 200 - 9.4ms
2026-02-13T11:54:12.872Z LOG [RequestLoggerMiddleware] GET /api/v1/item-groups/list 200 - 11.0ms
2026-02-13T11:56:33.797Z LOG [RequestLoggerMiddleware] GET /api/v1/item-groups/list 304 - 10.0ms
2026-02-13T11:56:57.962Z LOG [RequestLoggerMiddleware] GET /api/v1/item-groups/list 200 - 13.3ms
2026-02-13T11:56:57.968Z LOG [RequestLoggerMiddleware] GET /api/v1/item-groups/list 304 - 12.0ms
2026-02-13T11:56:58.874Z LOG [RequestLoggerMiddleware] GET /api/v1/item-groups/list 200 - 13.1ms
2026-02-13T11:57:06.174Z LOG [RequestLoggerMiddleware] GET /api/v1/item-groups/list?search=vb 200 - 38.2ms
2026-02-13T11:57:06.483Z LOG [RequestLoggerMiddleware] GET /api/v1/item-groups/list?search=vbb 200 - 24.4ms
2026-02-13T11:58:10.161Z LOG [RequestLoggerMiddleware] GET /api/v1/item-groups/list 304 - 11.4ms
2026-02-13T11:59:03.818Z LOG [RequestLoggerMiddleware] GET /api/v1/item-groups/list 304 - 17.3ms
2026-02-13T11:59:06.082Z LOG [RequestLoggerMiddleware] GET /api/v1/item-groups/list 304 - 12.2ms
2026-02-13T11:59:09.678Z LOG [RequestLoggerMiddleware] GET /api/v1/item-groups/list?search=vc 200 - 28.5ms
2026-02-13T11:59:12.475Z LOG [RequestLoggerMiddleware] GET /api/v1/item-groups/list 304 - 10.7ms
2026-02-13T12:01:35.015Z LOG [RequestLoggerMiddleware] GET /api/v1/item-groups/list 200 - 12.1ms
2026-02-13T12:01:35.023Z LOG [RequestLoggerMiddleware] GET /api/v1/item-groups/list 304 - 10.9ms
2026-02-13T12:01:35.872Z LOG [RequestLoggerMiddleware] GET /api/v1/item-groups/list 200 - 11.3ms
2026-02-13T12:01:47.885Z LOG [RequestLoggerMiddleware] GET /api/v1/item-groups/list 304 - 11.4ms
2026-02-13T12:01:47.895Z LOG [RequestLoggerMiddleware] GET /api/v1/item-groups/list 200 - 19.7ms
2026-02-13T12:01:48.872Z LOG [RequestLoggerMiddleware] GET /api/v1/item-groups/list 200 - 11.2ms
2026-02-13T12:02:07.235Z LOG [RequestLoggerMiddleware] GET /api/v1/item-groups/list 304 - 12.4ms
2026-02-13T12:02:07.236Z LOG [RequestLoggerMiddleware] GET /api/v1/item-groups/list 200 - 14.6ms
2026-02-13T12:02:07.872Z LOG [RequestLoggerMiddleware] GET /api/v1/item-groups/list 200 - 10.7ms
2026-02-13T12:11:51.438Z LOG [RequestLoggerMiddleware] GET /api/v1/item-groups/list 304 - 15.7ms
2026-02-13T12:14:32.704Z LOG [RequestLoggerMiddleware] GET /api/v1/item-groups/list 200 - 14.5ms
2026-02-13T12:14:32.876Z LOG [RequestLoggerMiddleware] GET /api/v1/item-groups/list 200 - 13.4ms
2026-02-13T12:14:33.431Z LOG [RequestLoggerMiddleware] GET /api/v1/item-groups/list 304 - 14.7ms
2026-02-13T12:14:50.803Z LOG [RequestLoggerMiddleware] GET /api/v1/item-groups/list 200 - 19.3ms
2026-02-13T12:14:50.875Z LOG [RequestLoggerMiddleware] GET /api/v1/item-groups/list 200 - 12.5ms
2026-02-13T12:14:51.514Z LOG [RequestLoggerMiddleware] GET /api/v1/item-groups/list 304 - 13.6ms
2026-02-13T12:15:17.251Z LOG [RequestLoggerMiddleware] GET /api/v1/item-groups/list 200 - 15.7ms
2026-02-13T12:15:17.873Z LOG [RequestLoggerMiddleware] GET /api/v1/item-groups/list 200 - 11.8ms
2026-02-13T12:15:17.979Z LOG [RequestLoggerMiddleware] GET /api/v1/item-groups/list 304 - 15.9ms
2026-02-13T12:18:28.842Z LOG [RequestLoggerMiddleware] GET /api/v1/item-groups/list 200 - 21.1ms
2026-02-13T12:18:28.843Z LOG [RequestLoggerMiddleware] GET /api/v1/item-groups/list 304 - 17.5ms
2026-02-13T12:18:28.876Z LOG [RequestLoggerMiddleware] GET /api/v1/item-groups/list 200 - 13.6ms
2026-02-13T12:19:29.340Z LOG [RequestLoggerMiddleware] GET /api/v1/item-groups/list 304 - 11.4ms
2026-02-13T12:19:29.343Z LOG [RequestLoggerMiddleware] GET /api/v1/item-groups/list 200 - 17.8ms
2026-02-13T12:19:29.874Z LOG [RequestLoggerMiddleware] GET /api/v1/item-groups/list 200 - 13.0ms
2026-02-13T12:21:40.032Z LOG [RequestLoggerMiddleware] GET /api/v1/item-groups/list 304 - 9.7ms
2026-02-13T12:21:40.034Z LOG [RequestLoggerMiddleware] GET /api/v1/item-groups/list 200 - 10.6ms
2026-02-13T12:21:40.874Z LOG [RequestLoggerMiddleware] GET /api/v1/item-groups/list 200 - 11.9ms
2026-02-13T12:21:46.723Z LOG [RequestLoggerMiddleware] GET /api/v1/item-groups/list 304 - 9.8ms
2026-02-13T12:21:54.226Z LOG [RequestLoggerMiddleware] GET /api/v1/item-groups/list 304 - 10.6ms
2026-02-13T12:23:48.501Z LOG [RequestLoggerMiddleware] GET /api/v1/item-groups/list 200 - 17.9ms
2026-02-13T12:23:48.506Z LOG [RequestLoggerMiddleware] GET /api/v1/item-groups/list 304 - 10.4ms
2026-02-13T12:23:48.871Z LOG [RequestLoggerMiddleware] GET /api/v1/item-groups/list 200 - 9.6ms
2026-02-13T12:23:52.330Z LOG [RequestLoggerMiddleware] GET /api/v1/item-groups/list 200 - 11.3ms
2026-02-13T12:23:52.334Z LOG [RequestLoggerMiddleware] GET /api/v1/item-groups/list 304 - 9.1ms
2026-02-13T12:23:52.871Z LOG [RequestLoggerMiddleware] GET /api/v1/item-groups/list 200 - 10.0ms
2026-02-13T12:23:58.340Z LOG [RequestLoggerMiddleware] GET /api/v1/item-groups/list 304 - 9.7ms
2026-02-13T12:23:59.529Z LOG [RequestLoggerMiddleware] GET /api/v1/item-groups/list 304 - 9.3ms
2026-02-13T12:24:38.347Z LOG [RequestLoggerMiddleware] POST /api/v1/item-groups/create 201 - 2.9ms
2026-02-13T12:24:38.381Z LOG [RequestLoggerMiddleware] GET /api/v1/item-groups/list 200 - 15.9ms
2026-02-13T12:24:59.152Z LOG [RequestLoggerMiddleware] GET /api/v1/item-groups/list?search=oi 200 - 25.5ms
2026-02-13T12:24:59.478Z LOG [RequestLoggerMiddleware] GET /api/v1/item-groups/list?search=oil 200 - 27.1ms
2026-02-13T12:25:01.978Z LOG [RequestLoggerMiddleware] GET /api/v1/item-groups/list?search=oi 304 - 25.2ms
2026-02-13T12:25:04.178Z LOG [RequestLoggerMiddleware] GET /api/v1/item-groups/list?search=o 200 - 17.7ms
2026-02-13T12:25:09.196Z LOG [RequestLoggerMiddleware] GET /api/v1/item-groups/list?search=oi 304 - 25.1ms
2026-02-13T12:27:34.146Z LOG [RequestLoggerMiddleware] GET /api/v1/item-groups/list 200 - 12.1ms
2026-02-13T12:27:34.155Z LOG [RequestLoggerMiddleware] GET /api/v1/item-groups/list 304 - 12.2ms
2026-02-13T12:27:34.873Z LOG [RequestLoggerMiddleware] GET /api/v1/item-groups/list 200 - 11.9ms
2026-02-13T12:27:57.584Z LOG [RequestLoggerMiddleware] GET /api/v1/item-groups/list 200 - 13.8ms
2026-02-13T12:27:57.594Z LOG [RequestLoggerMiddleware] GET /api/v1/item-groups/list 304 - 21.2ms
2026-02-13T12:27:57.876Z LOG [RequestLoggerMiddleware] GET /api/v1/item-groups/list 200 - 13.7ms
2026-02-13T12:28:06.536Z LOG [RequestLoggerMiddleware] GET /api/v1/item-groups/list 304 - 11.3ms
2026-02-13T12:28:06.537Z LOG [RequestLoggerMiddleware] GET /api/v1/item-groups/list 200 - 11.6ms
2026-02-13T12:28:06.874Z LOG [RequestLoggerMiddleware] GET /api/v1/item-groups/list 200 - 12.4ms
2026-02-13T12:29:26.978Z ERROR [AllExceptionsFilter] POST /api/v1/item-groups/create
PayloadTooLargeError: request entity too large
    at readStream (/home/vk/Dev/ERP server/node_modules/raw-body/index.js:163:17)
    at getRawBody (/home/vk/Dev/ERP server/node_modules/raw-body/index.js:116:12)
    at read (/home/vk/Dev/ERP server/node_modules/body-parser/lib/read.js:79:3)
    at jsonParser (/home/vk/Dev/ERP server/node_modules/body-parser/lib/types/json.js:138:5)
    at Layer.handle [as handle_request] (/home/vk/Dev/ERP server/node_modules/express/lib/router/layer.js:95:5)
    at trim_prefix (/home/vk/Dev/ERP server/node_modules/express/lib/router/index.js:328:13)
    at /home/vk/Dev/ERP server/node_modules/express/lib/router/index.js:286:9
    at Function.process_params (/home/vk/Dev/ERP server/node_modules/express/lib/router/index.js:346:12)
    at next (/home/vk/Dev/ERP server/node_modules/express/lib/router/index.js:280:10)
    at cors (/home/vk/Dev/ERP server/node_modules/cors/lib/index.js:188:7)
2026-02-13T12:31:07.122Z LOG [NestFactory] Starting Nest application...
2026-02-13T12:31:07.132Z LOG [InstanceLoader] ThrottlerModule dependencies initialized
2026-02-13T12:31:07.132Z LOG [InstanceLoader] ConfigHostModule dependencies initialized
2026-02-13T12:31:07.133Z LOG [InstanceLoader] AppModule dependencies initialized
2026-02-13T12:31:07.133Z LOG [InstanceLoader] ConfigModule dependencies initialized
2026-02-13T12:31:07.133Z LOG [InstanceLoader] ConfigModule dependencies initialized
2026-02-13T12:31:07.136Z LOG [InstanceLoader] PrismaModule dependencies initialized
2026-02-13T12:31:07.136Z LOG [InstanceLoader] HealthModule dependencies initialized
2026-02-13T12:31:07.136Z LOG [InstanceLoader] UsersModule dependencies initialized
2026-02-13T12:31:07.137Z LOG [InstanceLoader] ItemsGroupMasterModule dependencies initialized
2026-02-13T12:31:07.137Z LOG [InstanceLoader] AuthModule dependencies initialized
2026-02-13T12:31:07.164Z LOG [RoutesResolver] HealthController {/api/health} (version: 1):
2026-02-13T12:31:07.166Z LOG [RouterExplorer] Mapped {/api/health, GET} (version: 1) route
2026-02-13T12:31:07.166Z LOG [RoutesResolver] UsersController {/api/users} (version: 1):
2026-02-13T12:31:07.166Z LOG [RouterExplorer] Mapped {/api/users, POST} (version: 1) route
2026-02-13T12:31:07.167Z LOG [RouterExplorer] Mapped {/api/users, GET} (version: 1) route
2026-02-13T12:31:07.167Z LOG [RouterExplorer] Mapped {/api/users/:id, GET} (version: 1) route
2026-02-13T12:31:07.167Z LOG [RouterExplorer] Mapped {/api/users/:id, PATCH} (version: 1) route
2026-02-13T12:31:07.168Z LOG [RouterExplorer] Mapped {/api/users/:id, DELETE} (version: 1) route
2026-02-13T12:31:07.168Z LOG [RoutesResolver] ItemsGroupMasterController {/api/item-groups} (version: 1):
2026-02-13T12:31:07.168Z LOG [RouterExplorer] Mapped {/api/item-groups/create, POST} (version: 1) route
2026-02-13T12:31:07.169Z LOG [RouterExplorer] Mapped {/api/item-groups/list, GET} (version: 1) route
2026-02-13T12:31:07.169Z LOG [RouterExplorer] Mapped {/api/item-groups/get/:itg_id, GET} (version: 1) route
2026-02-13T12:31:07.169Z LOG [RouterExplorer] Mapped {/api/item-groups/delete/:itg_id, DELETE} (version: 1) route
2026-02-13T12:31:07.169Z LOG [RoutesResolver] AuthController {/api/auth} (version: 1):
2026-02-13T12:31:07.170Z LOG [RouterExplorer] Mapped {/api/auth/login, POST} (version: 1) route
2026-02-13T12:31:07.171Z LOG [NestApplication] Nest application successfully started
2026-02-13T12:31:07.232Z LOG [Bootstrap] API docs URL: https://[::1]:3010/api/docs
2026-02-13T12:31:07.232Z LOG [Bootstrap] DB connected: true
2026-02-13T12:37:23.039Z LOG [NestFactory] Starting Nest application...
2026-02-13T12:37:23.048Z LOG [InstanceLoader] ThrottlerModule dependencies initialized
2026-02-13T12:37:23.049Z LOG [InstanceLoader] ConfigHostModule dependencies initialized
2026-02-13T12:37:23.049Z LOG [InstanceLoader] AppModule dependencies initialized
2026-02-13T12:37:23.049Z LOG [InstanceLoader] ConfigModule dependencies initialized
2026-02-13T12:37:23.049Z LOG [InstanceLoader] ConfigModule dependencies initialized
2026-02-13T12:37:23.052Z LOG [InstanceLoader] PrismaModule dependencies initialized
2026-02-13T12:37:23.053Z LOG [InstanceLoader] HealthModule dependencies initialized
2026-02-13T12:37:23.053Z LOG [InstanceLoader] UsersModule dependencies initialized
2026-02-13T12:37:23.053Z LOG [InstanceLoader] ItemsGroupMasterModule dependencies initialized
2026-02-13T12:37:23.053Z LOG [InstanceLoader] AuthModule dependencies initialized
2026-02-13T12:37:23.084Z LOG [RoutesResolver] HealthController {/api/health} (version: 1):
2026-02-13T12:37:23.085Z LOG [RouterExplorer] Mapped {/api/health, GET} (version: 1) route
2026-02-13T12:37:23.085Z LOG [RoutesResolver] UsersController {/api/users} (version: 1):
2026-02-13T12:37:23.086Z LOG [RouterExplorer] Mapped {/api/users, POST} (version: 1) route
2026-02-13T12:37:23.086Z LOG [RouterExplorer] Mapped {/api/users, GET} (version: 1) route
2026-02-13T12:37:23.086Z LOG [RouterExplorer] Mapped {/api/users/:id, GET} (version: 1) route
2026-02-13T12:37:23.086Z LOG [RouterExplorer] Mapped {/api/users/:id, PATCH} (version: 1) route
2026-02-13T12:37:23.087Z LOG [RouterExplorer] Mapped {/api/users/:id, DELETE} (version: 1) route
2026-02-13T12:37:23.087Z LOG [RoutesResolver] ItemsGroupMasterController {/api/item-groups} (version: 1):
2026-02-13T12:37:23.087Z LOG [RouterExplorer] Mapped {/api/item-groups/create, POST} (version: 1) route
2026-02-13T12:37:23.087Z LOG [RouterExplorer] Mapped {/api/item-groups/list, GET} (version: 1) route
2026-02-13T12:37:23.087Z LOG [RouterExplorer] Mapped {/api/item-groups/get/:itg_id, GET} (version: 1) route
2026-02-13T12:37:23.088Z LOG [RouterExplorer] Mapped {/api/item-groups/delete/:itg_id, DELETE} (version: 1) route
2026-02-13T12:37:23.088Z LOG [RoutesResolver] AuthController {/api/auth} (version: 1):
2026-02-13T12:37:23.088Z LOG [RouterExplorer] Mapped {/api/auth/login, POST} (version: 1) route
2026-02-13T12:37:23.090Z LOG [NestApplication] Nest application successfully started
2026-02-13T12:37:23.153Z LOG [Bootstrap] API docs URL: https://[::1]:3010/api/docs
2026-02-13T12:37:23.153Z LOG [Bootstrap] DB connected: true
2026-02-13T12:37:26.691Z LOG [NestFactory] Starting Nest application...
2026-02-13T12:37:26.700Z LOG [InstanceLoader] ThrottlerModule dependencies initialized
2026-02-13T12:37:26.700Z LOG [InstanceLoader] ConfigHostModule dependencies initialized
2026-02-13T12:37:26.701Z LOG [InstanceLoader] AppModule dependencies initialized
2026-02-13T12:37:26.701Z LOG [InstanceLoader] ConfigModule dependencies initialized
2026-02-13T12:37:26.701Z LOG [InstanceLoader] ConfigModule dependencies initialized
2026-02-13T12:37:26.704Z LOG [InstanceLoader] PrismaModule dependencies initialized
2026-02-13T12:37:26.704Z LOG [InstanceLoader] HealthModule dependencies initialized
2026-02-13T12:37:26.704Z LOG [InstanceLoader] UsersModule dependencies initialized
2026-02-13T12:37:26.705Z LOG [InstanceLoader] ItemsGroupMasterModule dependencies initialized
2026-02-13T12:37:26.705Z LOG [InstanceLoader] AuthModule dependencies initialized
2026-02-13T12:37:26.735Z LOG [RoutesResolver] HealthController {/api/health} (version: 1):
2026-02-13T12:37:26.737Z LOG [RouterExplorer] Mapped {/api/health, GET} (version: 1) route
2026-02-13T12:37:26.737Z LOG [RoutesResolver] UsersController {/api/users} (version: 1):
2026-02-13T12:37:26.737Z LOG [RouterExplorer] Mapped {/api/users, POST} (version: 1) route
2026-02-13T12:37:26.737Z LOG [RouterExplorer] Mapped {/api/users, GET} (version: 1) route
2026-02-13T12:37:26.738Z LOG [RouterExplorer] Mapped {/api/users/:id, GET} (version: 1) route
2026-02-13T12:37:26.738Z LOG [RouterExplorer] Mapped {/api/users/:id, PATCH} (version: 1) route
2026-02-13T12:37:26.738Z LOG [RouterExplorer] Mapped {/api/users/:id, DELETE} (version: 1) route
2026-02-13T12:37:26.738Z LOG [RoutesResolver] ItemsGroupMasterController {/api/item-groups} (version: 1):
2026-02-13T12:37:26.739Z LOG [RouterExplorer] Mapped {/api/item-groups/create, POST} (version: 1) route
2026-02-13T12:37:26.739Z LOG [RouterExplorer] Mapped {/api/item-groups/list, GET} (version: 1) route
2026-02-13T12:37:26.739Z LOG [RouterExplorer] Mapped {/api/item-groups/get/:itg_id, GET} (version: 1) route
2026-02-13T12:37:26.740Z LOG [RouterExplorer] Mapped {/api/item-groups/delete/:itg_id, DELETE} (version: 1) route
2026-02-13T12:37:26.740Z LOG [RoutesResolver] AuthController {/api/auth} (version: 1):
2026-02-13T12:37:26.740Z LOG [RouterExplorer] Mapped {/api/auth/login, POST} (version: 1) route
2026-02-13T12:37:26.742Z LOG [NestApplication] Nest application successfully started
2026-02-13T12:37:26.801Z LOG [Bootstrap] API docs URL: https://[::1]:3010/api/docs
2026-02-13T12:37:26.801Z LOG [Bootstrap] DB connected: true
2026-02-13T12:37:29.519Z LOG [NestFactory] Starting Nest application...
2026-02-13T12:37:29.529Z LOG [InstanceLoader] ThrottlerModule dependencies initialized
2026-02-13T12:37:29.530Z LOG [InstanceLoader] ConfigHostModule dependencies initialized
2026-02-13T12:37:29.530Z LOG [InstanceLoader] AppModule dependencies initialized
2026-02-13T12:37:29.530Z LOG [InstanceLoader] ConfigModule dependencies initialized
2026-02-13T12:37:29.530Z LOG [InstanceLoader] ConfigModule dependencies initialized
2026-02-13T12:37:29.534Z LOG [InstanceLoader] PrismaModule dependencies initialized
2026-02-13T12:37:29.535Z LOG [InstanceLoader] HealthModule dependencies initialized
2026-02-13T12:37:29.535Z LOG [InstanceLoader] UsersModule dependencies initialized
2026-02-13T12:37:29.535Z LOG [InstanceLoader] ItemsGroupMasterModule dependencies initialized
2026-02-13T12:37:29.535Z LOG [InstanceLoader] AuthModule dependencies initialized
2026-02-13T12:37:29.565Z LOG [RoutesResolver] HealthController {/api/health} (version: 1):
2026-02-13T12:37:29.566Z LOG [RouterExplorer] Mapped {/api/health, GET} (version: 1) route
2026-02-13T12:37:29.566Z LOG [RoutesResolver] UsersController {/api/users} (version: 1):
2026-02-13T12:37:29.567Z LOG [RouterExplorer] Mapped {/api/users, POST} (version: 1) route
2026-02-13T12:37:29.567Z LOG [RouterExplorer] Mapped {/api/users, GET} (version: 1) route
2026-02-13T12:37:29.567Z LOG [RouterExplorer] Mapped {/api/users/:id, GET} (version: 1) route
2026-02-13T12:37:29.568Z LOG [RouterExplorer] Mapped {/api/users/:id, PATCH} (version: 1) route
2026-02-13T12:37:29.568Z LOG [RouterExplorer] Mapped {/api/users/:id, DELETE} (version: 1) route
2026-02-13T12:37:29.568Z LOG [RoutesResolver] ItemsGroupMasterController {/api/item-groups} (version: 1):
2026-02-13T12:37:29.569Z LOG [RouterExplorer] Mapped {/api/item-groups/create, POST} (version: 1) route
2026-02-13T12:37:29.569Z LOG [RouterExplorer] Mapped {/api/item-groups/list, GET} (version: 1) route
2026-02-13T12:37:29.569Z LOG [RouterExplorer] Mapped {/api/item-groups/get/:itg_id, GET} (version: 1) route
2026-02-13T12:37:29.570Z LOG [RouterExplorer] Mapped {/api/item-groups/delete/:itg_id, DELETE} (version: 1) route
2026-02-13T12:37:29.570Z LOG [RoutesResolver] AuthController {/api/auth} (version: 1):
2026-02-13T12:37:29.570Z LOG [RouterExplorer] Mapped {/api/auth/login, POST} (version: 1) route
2026-02-13T12:37:29.572Z LOG [NestApplication] Nest application successfully started
2026-02-13T12:37:29.630Z LOG [Bootstrap] API docs URL: https://[::1]:3010/api/docs
2026-02-13T12:37:29.630Z LOG [Bootstrap] DB connected: true
2026-02-13T12:37:55.323Z LOG [RequestLoggerMiddleware] POST /api/v1/item-groups/create 201 - 10.3ms
2026-02-13T12:37:55.351Z LOG [RequestLoggerMiddleware] GET /api/v1/item-groups/list 200 - 21.1ms
2026-02-13T12:44:10.309Z LOG [RequestLoggerMiddleware] GET /api/v1/item-groups/list 200 - 20.7ms
2026-02-13T12:44:10.311Z LOG [RequestLoggerMiddleware] GET /api/v1/item-groups/list 304 - 19.3ms
2026-02-13T12:44:10.874Z LOG [RequestLoggerMiddleware] GET /api/v1/item-groups/list 200 - 12.8ms
2026-02-13T12:44:18.081Z LOG [RequestLoggerMiddleware] GET /api/v1/item-groups/list 200 - 14.3ms
2026-02-13T12:44:18.089Z LOG [RequestLoggerMiddleware] GET /api/v1/item-groups/list 304 - 13.8ms
2026-02-13T12:44:18.875Z LOG [RequestLoggerMiddleware] GET /api/v1/item-groups/list 200 - 11.7ms
2026-02-13T12:44:26.497Z LOG [RequestLoggerMiddleware] GET /api/v1/item-groups/list 200 - 13.9ms
2026-02-13T12:44:26.503Z LOG [RequestLoggerMiddleware] GET /api/v1/item-groups/list 304 - 11.2ms
2026-02-13T12:44:26.875Z LOG [RequestLoggerMiddleware] GET /api/v1/item-groups/list 200 - 12.4ms
2026-02-13T12:44:51.707Z LOG [RequestLoggerMiddleware] GET /api/v1/item-groups/list 200 - 12.1ms
2026-02-13T12:44:51.713Z LOG [RequestLoggerMiddleware] GET /api/v1/item-groups/list 304 - 13.3ms
2026-02-13T12:44:51.884Z LOG [RequestLoggerMiddleware] GET /api/v1/item-groups/list 200 - 17.7ms
2026-02-13T12:45:19.895Z LOG [RequestLoggerMiddleware] GET /api/v1/item-groups/list 304 - 15.2ms
2026-02-13T12:45:20.526Z LOG [RequestLoggerMiddleware] GET /api/v1/item-groups/list 200 - 26.9ms
2026-02-13T12:45:20.600Z LOG [RequestLoggerMiddleware] GET /api/v1/item-groups/list 304 - 14.2ms
2026-02-13T12:45:20.879Z LOG [RequestLoggerMiddleware] GET /api/v1/item-groups/list 200 - 14.7ms
2026-02-13T12:45:26.046Z LOG [RequestLoggerMiddleware] GET /api/v1/item-groups/list 200 - 14.1ms
2026-02-13T12:45:26.051Z LOG [RequestLoggerMiddleware] GET /api/v1/item-groups/list 304 - 13.5ms
2026-02-13T12:45:26.875Z LOG [RequestLoggerMiddleware] GET /api/v1/item-groups/list 200 - 12.4ms
2026-02-13T12:45:31.026Z LOG [RequestLoggerMiddleware] GET /api/v1/item-groups/list 200 - 12.7ms
2026-02-13T12:45:31.035Z LOG [RequestLoggerMiddleware] GET /api/v1/item-groups/list 304 - 11.4ms
2026-02-13T12:45:31.872Z LOG [RequestLoggerMiddleware] GET /api/v1/item-groups/list 200 - 10.5ms
2026-02-13T12:45:40.226Z LOG [RequestLoggerMiddleware] GET /api/v1/item-groups/list 200 - 13.1ms
2026-02-13T12:45:40.232Z LOG [RequestLoggerMiddleware] GET /api/v1/item-groups/list 304 - 10.4ms
2026-02-13T12:45:40.873Z LOG [RequestLoggerMiddleware] GET /api/v1/item-groups/list 200 - 11.6ms
2026-02-13T12:46:19.466Z LOG [RequestLoggerMiddleware] GET /api/v1/item-groups/list 304 - 12.6ms
2026-02-13T12:46:19.469Z LOG [RequestLoggerMiddleware] GET /api/v1/item-groups/list 200 - 14.2ms
2026-02-13T12:46:19.872Z LOG [RequestLoggerMiddleware] GET /api/v1/item-groups/list 200 - 10.9ms
2026-02-13T12:49:08.296Z LOG [RequestLoggerMiddleware] POST /api/v1/item-groups/create 400 - 1.7ms
2026-02-13T12:49:18.620Z LOG [RequestLoggerMiddleware] POST /api/v1/item-groups/create 400 - 0.9ms
2026-02-13T12:49:33.107Z LOG [RequestLoggerMiddleware] POST /api/v1/item-groups/create 400 - 1.0ms
2026-02-13T12:50:49.449Z LOG [RequestLoggerMiddleware] GET /api/v1/item-groups/list 200 - 17.3ms
2026-02-13T12:50:49.460Z LOG [RequestLoggerMiddleware] GET /api/v1/item-groups/list 304 - 19.0ms
2026-02-13T12:50:49.874Z LOG [RequestLoggerMiddleware] GET /api/v1/item-groups/list 200 - 12.0ms
2026-02-13T12:52:16.278Z LOG [RequestLoggerMiddleware] POST /api/v1/item-groups/create 201 - 5.9ms
2026-02-13T12:52:16.301Z LOG [RequestLoggerMiddleware] GET /api/v1/item-groups/list 200 - 16.0ms
2026-02-13T12:53:10.593Z LOG [RequestLoggerMiddleware] POST /api/v1/item-groups/create 201 - 3.4ms
2026-02-13T12:53:10.619Z LOG [RequestLoggerMiddleware] GET /api/v1/item-groups/list 200 - 15.2ms
2026-02-13T12:54:42.039Z LOG [RequestLoggerMiddleware] GET /api/v1/item-groups/get/019c56ae-2a97-706e-9eb4-ee8d73742bf1 200 - 2.1ms
2026-02-13T12:55:12.994Z LOG [RequestLoggerMiddleware] POST /api/v1/item-groups/create 201 - 3.2ms
2026-02-13T12:55:13.012Z LOG [RequestLoggerMiddleware] GET /api/v1/item-groups/list 200 - 13.7ms
2026-02-13T12:55:18.242Z LOG [RequestLoggerMiddleware] GET /api/v1/item-groups/get/019c56ae-2a97-706e-9eb4-ee8d73742bf1 200 - 2.5ms
2026-02-13T12:56:21.091Z LOG [RequestLoggerMiddleware] POST /api/v1/item-groups/create 201 - 8.3ms
2026-02-13T12:56:21.116Z LOG [RequestLoggerMiddleware] GET /api/v1/item-groups/list 200 - 22.9ms
2026-02-13T12:57:40.762Z LOG [RequestLoggerMiddleware] GET /api/v1/item-groups/list 200 - 4.7ms
2026-02-13T12:58:38.979Z LOG [RequestLoggerMiddleware] GET /api/v1/item-groups/list 304 - 2.6ms
2026-02-13T12:59:16.617Z LOG [RequestLoggerMiddleware] POST /api/v1/item-groups/create 201 - 3.0ms
2026-02-13T12:59:16.622Z LOG [RequestLoggerMiddleware] GET /api/v1/item-groups/list 200 - 2.3ms
2026-02-13T13:02:22.383Z LOG [RequestLoggerMiddleware] DELETE /api/v1/item-groups/delete/019c56a0-80cb-70fc-a1d4-faf9068c40e9 200 - 7.8ms
2026-02-13T13:02:37.454Z LOG [RequestLoggerMiddleware] GET /api/v1/item-groups/list 200 - 8.3ms
2026-02-13T13:05:20.081Z LOG [RequestLoggerMiddleware] GET /api/v1/item-groups/list 200 - 3.2ms
2026-02-13T13:05:20.794Z LOG [RequestLoggerMiddleware] GET /api/v1/item-groups/list 304 - 3.7ms
2026-02-13T13:05:20.869Z LOG [RequestLoggerMiddleware] GET /api/v1/item-groups/list 200 - 5.3ms
2026-02-13T13:05:33.381Z LOG [RequestLoggerMiddleware] GET /api/v1/item-groups/list 200 - 3.0ms
2026-02-13T13:05:33.864Z LOG [RequestLoggerMiddleware] GET /api/v1/item-groups/list 200 - 2.6ms
2026-02-13T13:05:34.188Z LOG [RequestLoggerMiddleware] GET /api/v1/item-groups/list 304 - 2.1ms
2026-02-13T13:05:40.866Z LOG [RequestLoggerMiddleware] GET /api/v1/item-groups/list 200 - 2.5ms
2026-02-13T13:05:41.580Z LOG [RequestLoggerMiddleware] GET /api/v1/item-groups/list 304 - 2.8ms
2026-02-13T13:05:41.865Z LOG [RequestLoggerMiddleware] GET /api/v1/item-groups/list 200 - 2.9ms
2026-02-13T13:05:46.245Z LOG [RequestLoggerMiddleware] GET /api/v1/item-groups/list 200 - 3.2ms
2026-02-13T13:05:46.864Z LOG [RequestLoggerMiddleware] GET /api/v1/item-groups/list 200 - 2.5ms
2026-02-13T13:05:46.951Z LOG [RequestLoggerMiddleware] GET /api/v1/item-groups/list 304 - 1.9ms
2026-02-13T13:05:51.154Z LOG [RequestLoggerMiddleware] GET /api/v1/item-groups/list 200 - 3.3ms
2026-02-13T13:05:51.860Z LOG [RequestLoggerMiddleware] GET /api/v1/item-groups/list 304 - 2.1ms
2026-02-13T13:05:51.863Z LOG [RequestLoggerMiddleware] GET /api/v1/item-groups/list 200 - 2.0ms
2026-02-13T13:06:37.879Z LOG [RequestLoggerMiddleware] GET /api/v1/item-groups/list 200 - 3.7ms
2026-02-13T13:06:37.888Z LOG [RequestLoggerMiddleware] GET /api/v1/item-groups/list 304 - 4.4ms
2026-02-13T13:06:38.864Z LOG [RequestLoggerMiddleware] GET /api/v1/item-groups/list 200 - 3.2ms
2026-02-13T13:06:41.957Z LOG [RequestLoggerMiddleware] GET /api/v1/item-groups/list 200 - 3.0ms
2026-02-13T13:06:41.963Z LOG [RequestLoggerMiddleware] GET /api/v1/item-groups/list 304 - 2.4ms
2026-02-13T13:06:42.866Z LOG [RequestLoggerMiddleware] GET /api/v1/item-groups/list 200 - 2.6ms
2026-02-13T13:06:45.467Z LOG [RequestLoggerMiddleware] GET /api/v1/item-groups/list 200 - 2.3ms
2026-02-13T13:06:45.477Z LOG [RequestLoggerMiddleware] GET /api/v1/item-groups/list 304 - 3.6ms
2026-02-13T13:06:45.864Z LOG [RequestLoggerMiddleware] GET /api/v1/item-groups/list 200 - 2.4ms
2026-02-13T13:06:59.174Z LOG [RequestLoggerMiddleware] GET /api/v1/item-groups/list 200 - 5.0ms
2026-02-13T13:06:59.178Z LOG [RequestLoggerMiddleware] GET /api/v1/item-groups/list 304 - 2.0ms
2026-02-13T13:06:59.864Z LOG [RequestLoggerMiddleware] GET /api/v1/item-groups/list 200 - 2.8ms
2026-02-13T13:08:37.142Z LOG [RequestLoggerMiddleware] DELETE /api/v1/item-groups/delete/019c56ae-2a97-706e-9eb4-ee8d73742bf1 200 - 8.6ms
2026-02-13T13:08:37.153Z LOG [RequestLoggerMiddleware] GET /api/v1/item-groups/list 200 - 8.4ms
2026-02-13T13:08:39.746Z LOG [RequestLoggerMiddleware] GET /api/v1/item-groups/list 304 - 2.7ms
2026-02-14T04:35:52.462Z LOG [NestFactory] Starting Nest application...
2026-02-14T04:35:52.473Z LOG [InstanceLoader] ThrottlerModule dependencies initialized
2026-02-14T04:35:52.473Z LOG [InstanceLoader] ConfigHostModule dependencies initialized
2026-02-14T04:35:52.473Z LOG [InstanceLoader] AppModule dependencies initialized
2026-02-14T04:35:52.473Z LOG [InstanceLoader] ConfigModule dependencies initialized
2026-02-14T04:35:52.473Z LOG [InstanceLoader] ConfigModule dependencies initialized
2026-02-14T04:35:52.477Z LOG [InstanceLoader] PrismaModule dependencies initialized
2026-02-14T04:35:52.478Z LOG [InstanceLoader] HealthModule dependencies initialized
2026-02-14T04:35:52.478Z LOG [InstanceLoader] UsersModule dependencies initialized
2026-02-14T04:35:52.479Z LOG [InstanceLoader] ItemsGroupMasterModule dependencies initialized
2026-02-14T04:35:52.479Z LOG [InstanceLoader] AuthModule dependencies initialized
2026-02-14T04:35:52.515Z LOG [RoutesResolver] HealthController {/api/health} (version: 1):
2026-02-14T04:35:52.517Z LOG [RouterExplorer] Mapped {/api/health, GET} (version: 1) route
2026-02-14T04:35:52.518Z LOG [RoutesResolver] UsersController {/api/users} (version: 1):
2026-02-14T04:35:52.518Z LOG [RouterExplorer] Mapped {/api/users, POST} (version: 1) route
2026-02-14T04:35:52.519Z LOG [RouterExplorer] Mapped {/api/users, GET} (version: 1) route
2026-02-14T04:35:52.519Z LOG [RouterExplorer] Mapped {/api/users/:id, GET} (version: 1) route
2026-02-14T04:35:52.520Z LOG [RouterExplorer] Mapped {/api/users/:id, PATCH} (version: 1) route
2026-02-14T04:35:52.520Z LOG [RouterExplorer] Mapped {/api/users/:id, DELETE} (version: 1) route
2026-02-14T04:35:52.520Z LOG [RoutesResolver] ItemsGroupMasterController {/api/item-groups} (version: 1):
2026-02-14T04:35:52.521Z LOG [RouterExplorer] Mapped {/api/item-groups/create, POST} (version: 1) route
2026-02-14T04:35:52.521Z LOG [RouterExplorer] Mapped {/api/item-groups/list, GET} (version: 1) route
2026-02-14T04:35:52.521Z LOG [RouterExplorer] Mapped {/api/item-groups/get/:itg_id, GET} (version: 1) route
2026-02-14T04:35:52.522Z LOG [RouterExplorer] Mapped {/api/item-groups/delete/:itg_id, DELETE} (version: 1) route
2026-02-14T04:35:52.522Z LOG [RoutesResolver] AuthController {/api/auth} (version: 1):
2026-02-14T04:35:52.522Z LOG [RouterExplorer] Mapped {/api/auth/login, POST} (version: 1) route
2026-02-14T04:35:52.524Z LOG [NestApplication] Nest application successfully started
2026-02-14T04:35:52.608Z LOG [Bootstrap] API docs URL: https://[::1]:3010/api/docs
2026-02-14T04:35:52.608Z LOG [Bootstrap] DB connected: true
2026-02-14T04:51:40.316Z LOG [NestFactory] Starting Nest application...
2026-02-14T04:51:40.326Z LOG [InstanceLoader] ThrottlerModule dependencies initialized
2026-02-14T04:51:40.326Z LOG [InstanceLoader] ConfigHostModule dependencies initialized
2026-02-14T04:51:40.326Z LOG [InstanceLoader] AppModule dependencies initialized
2026-02-14T04:51:40.326Z LOG [InstanceLoader] ConfigModule dependencies initialized
2026-02-14T04:51:40.326Z LOG [InstanceLoader] ConfigModule dependencies initialized
2026-02-14T04:51:40.330Z LOG [InstanceLoader] PrismaModule dependencies initialized
2026-02-14T04:51:40.331Z LOG [InstanceLoader] HealthModule dependencies initialized
2026-02-14T04:51:40.331Z LOG [InstanceLoader] UsersModule dependencies initialized
2026-02-14T04:51:40.331Z LOG [InstanceLoader] AuthModule dependencies initialized
2026-02-14T04:51:40.331Z LOG [InstanceLoader] ItemsGroupMasterModule dependencies initialized
2026-02-14T04:51:40.359Z LOG [RoutesResolver] HealthController {/api/health} (version: 1):
2026-02-14T04:51:40.360Z LOG [RouterExplorer] Mapped {/api/health, GET} (version: 1) route
2026-02-14T04:51:40.360Z LOG [RoutesResolver] UsersController {/api/users} (version: 1):
2026-02-14T04:51:40.360Z LOG [RouterExplorer] Mapped {/api/users, POST} (version: 1) route
2026-02-14T04:51:40.360Z LOG [RouterExplorer] Mapped {/api/users, GET} (version: 1) route
2026-02-14T04:51:40.361Z LOG [RouterExplorer] Mapped {/api/users/:id, GET} (version: 1) route
2026-02-14T04:51:40.361Z LOG [RouterExplorer] Mapped {/api/users/:id, PATCH} (version: 1) route
2026-02-14T04:51:40.361Z LOG [RouterExplorer] Mapped {/api/users/:id, DELETE} (version: 1) route
2026-02-14T04:51:40.361Z LOG [RoutesResolver] ItemsGroupMasterController {/api/item-groups} (version: 1):
2026-02-14T04:51:40.362Z LOG [RouterExplorer] Mapped {/api/item-groups/create, POST} (version: 1) route
2026-02-14T04:51:40.362Z LOG [RouterExplorer] Mapped {/api/item-groups/list, GET} (version: 1) route
2026-02-14T04:51:40.362Z LOG [RouterExplorer] Mapped {/api/item-groups/get/:itg_id, GET} (version: 1) route
2026-02-14T04:51:40.362Z LOG [RouterExplorer] Mapped {/api/item-groups/delete/:itg_id, DELETE} (version: 1) route
2026-02-14T04:51:40.362Z LOG [RoutesResolver] AuthController {/api/auth} (version: 1):
2026-02-14T04:51:40.362Z LOG [RouterExplorer] Mapped {/api/auth/login, POST} (version: 1) route
2026-02-14T04:51:40.364Z LOG [NestApplication] Nest application successfully started
2026-02-14T04:51:40.420Z LOG [Bootstrap] API docs URL: https://[::1]:3010/api/docs
2026-02-14T04:51:40.420Z LOG [Bootstrap] DB connected: true
2026-02-14T04:53:31.805Z LOG [RequestLoggerMiddleware] GET /api/v1/item-groups/list 304 - 25.7ms
2026-02-14T04:54:19.324Z LOG [RequestLoggerMiddleware] POST /api/v1/item-groups/create 409 - 31.6ms
2026-02-14T04:54:23.739Z LOG [RequestLoggerMiddleware] POST /api/v1/item-groups/create 201 - 8.2ms
2026-02-14T04:54:23.751Z LOG [RequestLoggerMiddleware] GET /api/v1/item-groups/list 200 - 8.3ms
2026-02-14T04:54:39.005Z LOG [RequestLoggerMiddleware] GET /api/v1/item-groups/list 304 - 2.7ms
2026-02-14T05:00:15.515Z LOG [RequestLoggerMiddleware] GET /api/v1/item-groups/list 304 - 8.6ms
2026-02-14T05:00:26.560Z LOG [RequestLoggerMiddleware] GET /api/v1/item-groups/list 304 - 2.5ms
2026-02-14T05:00:35.901Z LOG [RequestLoggerMiddleware] GET /api/v1/item-groups/list 304 - 3.3ms
2026-02-14T05:00:42.532Z LOG [RequestLoggerMiddleware] GET /api/v1/item-groups/list 304 - 2.7ms
2026-02-14T05:00:53.440Z LOG [RequestLoggerMiddleware] GET /api/v1/item-groups/list 304 - 2.5ms
2026-02-14T05:00:57.750Z LOG [RequestLoggerMiddleware] GET /api/v1/item-groups/list 304 - 2.4ms
2026-02-14T05:01:15.488Z LOG [RequestLoggerMiddleware] GET /api/v1/item-groups/list 304 - 2.2ms
2026-02-14T05:01:20.660Z LOG [RequestLoggerMiddleware] GET /api/v1/item-groups/list 304 - 2.3ms
2026-02-14T05:02:09.042Z LOG [RequestLoggerMiddleware] GET /api/v1/item-groups/list 304 - 2.2ms
2026-02-14T05:02:12.237Z LOG [RequestLoggerMiddleware] GET /api/v1/item-groups/list 304 - 2.2ms
2026-02-14T05:02:14.704Z LOG [RequestLoggerMiddleware] GET /api/v1/item-groups/list 304 - 1.9ms
2026-02-14T05:03:23.847Z LOG [RequestLoggerMiddleware] GET /api/v1/item-groups/list 304 - 2.2ms
2026-02-14T05:03:39.659Z LOG [RequestLoggerMiddleware] GET /api/v1/item-groups/list 304 - 2.9ms
2026-02-14T05:03:45.477Z LOG [RequestLoggerMiddleware] GET /api/v1/item-groups/list 304 - 2.4ms
2026-02-14T05:03:50.357Z LOG [RequestLoggerMiddleware] GET /api/v1/item-groups/list 304 - 2.7ms
2026-02-14T05:04:00.077Z LOG [RequestLoggerMiddleware] GET /api/v1/item-groups/list 304 - 3.0ms
2026-02-14T05:04:15.168Z LOG [RequestLoggerMiddleware] GET /api/v1/item-groups/list 304 - 2.1ms
2026-02-14T05:04:23.504Z LOG [RequestLoggerMiddleware] GET /api/v1/item-groups/list 304 - 2.1ms
2026-02-14T05:04:43.067Z LOG [RequestLoggerMiddleware] GET /api/v1/item-groups/list 304 - 2.0ms
2026-02-14T05:09:52.110Z LOG [RequestLoggerMiddleware] GET /api/v1/item-groups/list 304 - 7.3ms
2026-02-14T05:34:02.465Z LOG [RequestLoggerMiddleware] POST /api/v1/item-groups/create 201 - 8.3ms
2026-02-14T05:34:02.479Z LOG [RequestLoggerMiddleware] GET /api/v1/item-groups/list 200 - 10.7ms
2026-02-14T05:34:06.527Z LOG [RequestLoggerMiddleware] GET /api/v1/item-groups/list 304 - 2.6ms
2026-02-14T05:34:20.265Z LOG [RequestLoggerMiddleware] GET /api/v1/item-groups/list?search=v 200 - 3.6ms
2026-02-14T05:34:20.637Z LOG [RequestLoggerMiddleware] GET /api/v1/item-groups/list?search=vk 200 - 2.6ms
2026-02-14T05:34:24.292Z LOG [RequestLoggerMiddleware] GET /api/v1/item-groups/list?search=v 304 - 2.4ms
2026-02-14T05:34:25.476Z LOG [RequestLoggerMiddleware] GET /api/v1/item-groups/list 304 - 2.1ms
2026-02-14T05:34:27.806Z LOG [RequestLoggerMiddleware] GET /api/v1/item-groups/list?search=oi 200 - 3.0ms
2026-02-14T05:34:31.054Z LOG [RequestLoggerMiddleware] GET /api/v1/item-groups/list?search=oil 200 - 2.7ms
2026-02-14T05:34:33.525Z LOG [RequestLoggerMiddleware] GET /api/v1/item-groups/list?search=oi 304 - 2.3ms
2026-02-14T05:34:34.494Z LOG [RequestLoggerMiddleware] GET /api/v1/item-groups/list?search=o 200 - 2.8ms
2026-02-14T05:34:36.021Z LOG [RequestLoggerMiddleware] GET /api/v1/item-groups/list 304 - 2.1ms
2026-02-14T05:35:18.120Z LOG [RequestLoggerMiddleware] DELETE /api/v1/item-groups/delete/019c56f5-d8ca-7d74-af86-583a34944abc 200 - 4.4ms
2026-02-14T05:35:18.125Z LOG [RequestLoggerMiddleware] GET /api/v1/item-groups/list 200 - 2.3ms
2026-02-14T06:25:43.183Z LOG [NestFactory] Starting Nest application...
2026-02-14T06:25:43.194Z LOG [InstanceLoader] ThrottlerModule dependencies initialized
2026-02-14T06:25:43.194Z LOG [InstanceLoader] ConfigHostModule dependencies initialized
2026-02-14T06:25:43.194Z LOG [InstanceLoader] AppModule dependencies initialized
2026-02-14T06:25:43.194Z LOG [InstanceLoader] ConfigModule dependencies initialized
2026-02-14T06:25:43.194Z LOG [InstanceLoader] ConfigModule dependencies initialized
2026-02-14T06:25:43.197Z LOG [InstanceLoader] PrismaModule dependencies initialized
2026-02-14T06:25:43.198Z LOG [InstanceLoader] HealthModule dependencies initialized
2026-02-14T06:25:43.198Z LOG [InstanceLoader] UsersModule dependencies initialized
2026-02-14T06:25:43.199Z LOG [InstanceLoader] AuthModule dependencies initialized
2026-02-14T06:25:43.199Z LOG [InstanceLoader] ItemsGroupMasterModule dependencies initialized
2026-02-14T06:25:43.199Z LOG [InstanceLoader] ItemsBrandMasterModule dependencies initialized
2026-02-14T06:25:43.232Z LOG [RoutesResolver] HealthController {/api/health} (version: 1):
2026-02-14T06:25:43.234Z LOG [RouterExplorer] Mapped {/api/health, GET} (version: 1) route
2026-02-14T06:25:43.234Z LOG [RoutesResolver] UsersController {/api/users} (version: 1):
2026-02-14T06:25:43.234Z LOG [RouterExplorer] Mapped {/api/users, POST} (version: 1) route
2026-02-14T06:25:43.234Z LOG [RouterExplorer] Mapped {/api/users, GET} (version: 1) route
2026-02-14T06:25:43.235Z LOG [RouterExplorer] Mapped {/api/users/:id, GET} (version: 1) route
2026-02-14T06:25:43.235Z LOG [RouterExplorer] Mapped {/api/users/:id, PATCH} (version: 1) route
2026-02-14T06:25:43.235Z LOG [RouterExplorer] Mapped {/api/users/:id, DELETE} (version: 1) route
2026-02-14T06:25:43.235Z LOG [RoutesResolver] ItemsGroupMasterController {/api/item-groups} (version: 1):
2026-02-14T06:25:43.236Z LOG [RouterExplorer] Mapped {/api/item-groups/create, POST} (version: 1) route
2026-02-14T06:25:43.236Z LOG [RouterExplorer] Mapped {/api/item-groups/list, GET} (version: 1) route
2026-02-14T06:25:43.236Z LOG [RouterExplorer] Mapped {/api/item-groups/get/:itg_id, GET} (version: 1) route
2026-02-14T06:25:43.237Z LOG [RouterExplorer] Mapped {/api/item-groups/delete/:itg_id, DELETE} (version: 1) route
2026-02-14T06:25:43.237Z LOG [RoutesResolver] ItemsBrandMasterController {/api/item-brands} (version: 1):
2026-02-14T06:25:43.237Z LOG [RouterExplorer] Mapped {/api/item-brands/create, POST} (version: 1) route
2026-02-14T06:25:43.237Z LOG [RouterExplorer] Mapped {/api/item-brands/list, GET} (version: 1) route
2026-02-14T06:25:43.238Z LOG [RouterExplorer] Mapped {/api/item-brands/get/:brand_id, GET} (version: 1) route
2026-02-14T06:25:43.238Z LOG [RouterExplorer] Mapped {/api/item-brands/delete/:brand_id, DELETE} (version: 1) route
2026-02-14T06:25:43.238Z LOG [RoutesResolver] AuthController {/api/auth} (version: 1):
2026-02-14T06:25:43.238Z LOG [RouterExplorer] Mapped {/api/auth/login, POST} (version: 1) route
2026-02-14T06:25:43.241Z LOG [NestApplication] Nest application successfully started
2026-02-14T06:25:43.299Z LOG [Bootstrap] API docs URL: https://[::1]:3010/api/docs
2026-02-14T06:25:43.299Z LOG [Bootstrap] DB connected: true
2026-02-14T06:53:44.335Z LOG [NestFactory] Starting Nest application...
2026-02-14T06:53:44.348Z LOG [InstanceLoader] ThrottlerModule dependencies initialized
2026-02-14T06:53:44.348Z LOG [InstanceLoader] ConfigHostModule dependencies initialized
2026-02-14T06:53:44.349Z LOG [InstanceLoader] AppModule dependencies initialized
2026-02-14T06:53:44.349Z LOG [InstanceLoader] ConfigModule dependencies initialized
2026-02-14T06:53:44.349Z LOG [InstanceLoader] ConfigModule dependencies initialized
2026-02-14T06:53:44.352Z LOG [InstanceLoader] PrismaModule dependencies initialized
2026-02-14T06:53:44.354Z LOG [InstanceLoader] HealthModule dependencies initialized
2026-02-14T06:53:44.354Z LOG [InstanceLoader] UsersModule dependencies initialized
2026-02-14T06:53:44.354Z LOG [InstanceLoader] AuthModule dependencies initialized
2026-02-14T06:53:44.354Z LOG [InstanceLoader] ItemsGroupMasterModule dependencies initialized
2026-02-14T06:53:44.354Z LOG [InstanceLoader] ItemsBrandMasterModule dependencies initialized
2026-02-14T06:53:44.354Z LOG [InstanceLoader] UnitsMasterModule dependencies initialized
2026-02-14T06:53:44.396Z LOG [RoutesResolver] HealthController {/api/health} (version: 1):
2026-02-14T06:53:44.398Z LOG [RouterExplorer] Mapped {/api/health, GET} (version: 1) route
2026-02-14T06:53:44.398Z LOG [RoutesResolver] UsersController {/api/users} (version: 1):
2026-02-14T06:53:44.399Z LOG [RouterExplorer] Mapped {/api/users, POST} (version: 1) route
2026-02-14T06:53:44.399Z LOG [RouterExplorer] Mapped {/api/users, GET} (version: 1) route
2026-02-14T06:53:44.399Z LOG [RouterExplorer] Mapped {/api/users/:id, GET} (version: 1) route
2026-02-14T06:53:44.399Z LOG [RouterExplorer] Mapped {/api/users/:id, PATCH} (version: 1) route
2026-02-14T06:53:44.400Z LOG [RouterExplorer] Mapped {/api/users/:id, DELETE} (version: 1) route
2026-02-14T06:53:44.400Z LOG [RoutesResolver] ItemsGroupMasterController {/api/item-groups} (version: 1):
2026-02-14T06:53:44.400Z LOG [RouterExplorer] Mapped {/api/item-groups/create, POST} (version: 1) route
2026-02-14T06:53:44.401Z LOG [RouterExplorer] Mapped {/api/item-groups/list, GET} (version: 1) route
2026-02-14T06:53:44.401Z LOG [RouterExplorer] Mapped {/api/item-groups/get/:itg_id, GET} (version: 1) route
2026-02-14T06:53:44.402Z LOG [RouterExplorer] Mapped {/api/item-groups/delete/:itg_id, DELETE} (version: 1) route
2026-02-14T06:53:44.402Z LOG [RoutesResolver] ItemsBrandMasterController {/api/item-brands} (version: 1):
2026-02-14T06:53:44.402Z LOG [RouterExplorer] Mapped {/api/item-brands/create, POST} (version: 1) route
2026-02-14T06:53:44.402Z LOG [RouterExplorer] Mapped {/api/item-brands/list, GET} (version: 1) route
2026-02-14T06:53:44.402Z LOG [RouterExplorer] Mapped {/api/item-brands/get/:brand_id, GET} (version: 1) route
2026-02-14T06:53:44.402Z LOG [RouterExplorer] Mapped {/api/item-brands/delete/:brand_id, DELETE} (version: 1) route
2026-02-14T06:53:44.403Z LOG [RoutesResolver] UnitsMasterController {/api/units} (version: 1):
2026-02-14T06:53:44.403Z LOG [RouterExplorer] Mapped {/api/units/create, POST} (version: 1) route
2026-02-14T06:53:44.403Z LOG [RouterExplorer] Mapped {/api/units/list, GET} (version: 1) route
2026-02-14T06:53:44.403Z LOG [RouterExplorer] Mapped {/api/units/get/:unit_id, GET} (version: 1) route
2026-02-14T06:53:44.403Z LOG [RouterExplorer] Mapped {/api/units/delete/:unit_id, DELETE} (version: 1) route
2026-02-14T06:53:44.403Z LOG [RoutesResolver] AuthController {/api/auth} (version: 1):
2026-02-14T06:53:44.404Z LOG [RouterExplorer] Mapped {/api/auth/login, POST} (version: 1) route
2026-02-14T06:53:44.406Z LOG [NestApplication] Nest application successfully started
2026-02-14T06:53:44.467Z LOG [Bootstrap] API docs URL: https://[::1]:3010/api/docs
2026-02-14T06:53:44.467Z LOG [Bootstrap] DB connected: true
2026-02-14T07:01:28.552Z LOG [NestFactory] Starting Nest application...
2026-02-14T07:01:28.563Z LOG [InstanceLoader] ThrottlerModule dependencies initialized
2026-02-14T07:01:28.564Z LOG [InstanceLoader] ConfigHostModule dependencies initialized
2026-02-14T07:01:28.564Z LOG [InstanceLoader] AppModule dependencies initialized
2026-02-14T07:01:28.564Z LOG [InstanceLoader] ConfigModule dependencies initialized
2026-02-14T07:01:28.564Z LOG [InstanceLoader] ConfigModule dependencies initialized
2026-02-14T07:01:28.567Z LOG [InstanceLoader] PrismaModule dependencies initialized
2026-02-14T07:01:28.568Z LOG [InstanceLoader] HealthModule dependencies initialized
2026-02-14T07:01:28.568Z LOG [InstanceLoader] UsersModule dependencies initialized
2026-02-14T07:01:28.569Z LOG [InstanceLoader] AuthModule dependencies initialized
2026-02-14T07:01:28.569Z LOG [InstanceLoader] ItemsGroupMasterModule dependencies initialized
2026-02-14T07:01:28.569Z LOG [InstanceLoader] ItemsBrandMasterModule dependencies initialized
2026-02-14T07:01:28.569Z LOG [InstanceLoader] UnitsMasterModule dependencies initialized
2026-02-14T07:01:28.608Z LOG [RoutesResolver] HealthController {/api/health} (version: 1):
2026-02-14T07:01:28.610Z LOG [RouterExplorer] Mapped {/api/health, GET} (version: 1) route
2026-02-14T07:01:28.610Z LOG [RoutesResolver] UsersController {/api/users} (version: 1):
2026-02-14T07:01:28.610Z LOG [RouterExplorer] Mapped {/api/users, POST} (version: 1) route
2026-02-14T07:01:28.611Z LOG [RouterExplorer] Mapped {/api/users, GET} (version: 1) route
2026-02-14T07:01:28.611Z LOG [RouterExplorer] Mapped {/api/users/:id, GET} (version: 1) route
2026-02-14T07:01:28.611Z LOG [RouterExplorer] Mapped {/api/users/:id, PATCH} (version: 1) route
2026-02-14T07:01:28.612Z LOG [RouterExplorer] Mapped {/api/users/:id, DELETE} (version: 1) route
2026-02-14T07:01:28.612Z LOG [RoutesResolver] ItemsGroupMasterController {/api/item-groups} (version: 1):
2026-02-14T07:01:28.612Z LOG [RouterExplorer] Mapped {/api/item-groups/create, POST} (version: 1) route
2026-02-14T07:01:28.612Z LOG [RouterExplorer] Mapped {/api/item-groups/list, GET} (version: 1) route
2026-02-14T07:01:28.613Z LOG [RouterExplorer] Mapped {/api/item-groups/get/:itg_id, GET} (version: 1) route
2026-02-14T07:01:28.613Z LOG [RouterExplorer] Mapped {/api/item-groups/delete/:itg_id, DELETE} (version: 1) route
2026-02-14T07:01:28.613Z LOG [RoutesResolver] ItemsBrandMasterController {/api/item-brands} (version: 1):
2026-02-14T07:01:28.613Z LOG [RouterExplorer] Mapped {/api/item-brands/create, POST} (version: 1) route
2026-02-14T07:01:28.614Z LOG [RouterExplorer] Mapped {/api/item-brands/list, GET} (version: 1) route
2026-02-14T07:01:28.614Z LOG [RouterExplorer] Mapped {/api/item-brands/get/:brand_id, GET} (version: 1) route
2026-02-14T07:01:28.614Z LOG [RouterExplorer] Mapped {/api/item-brands/delete/:brand_id, DELETE} (version: 1) route
2026-02-14T07:01:28.614Z LOG [RoutesResolver] UnitsMasterController {/api/units} (version: 1):
2026-02-14T07:01:28.614Z LOG [RouterExplorer] Mapped {/api/units/create, POST} (version: 1) route
2026-02-14T07:01:28.614Z LOG [RouterExplorer] Mapped {/api/units/list, GET} (version: 1) route
2026-02-14T07:01:28.615Z LOG [RouterExplorer] Mapped {/api/units/get/:unit_id, GET} (version: 1) route
2026-02-14T07:01:28.615Z LOG [RouterExplorer] Mapped {/api/units/delete/:unit_id, DELETE} (version: 1) route
2026-02-14T07:01:28.615Z LOG [RoutesResolver] AuthController {/api/auth} (version: 1):
2026-02-14T07:01:28.615Z LOG [RouterExplorer] Mapped {/api/auth/login, POST} (version: 1) route
2026-02-14T07:01:28.617Z LOG [NestApplication] Nest application successfully started
2026-02-14T07:01:28.673Z LOG [Bootstrap] API docs URL: https://[::1]:3010/api/docs
2026-02-14T07:01:28.673Z LOG [Bootstrap] DB connected: true
2026-02-14T07:01:44.424Z LOG [NestFactory] Starting Nest application...
2026-02-14T07:01:44.435Z LOG [InstanceLoader] ThrottlerModule dependencies initialized
2026-02-14T07:01:44.435Z LOG [InstanceLoader] ConfigHostModule dependencies initialized
2026-02-14T07:01:44.435Z LOG [InstanceLoader] AppModule dependencies initialized
2026-02-14T07:01:44.435Z LOG [InstanceLoader] ConfigModule dependencies initialized
2026-02-14T07:01:44.435Z LOG [InstanceLoader] ConfigModule dependencies initialized
2026-02-14T07:01:44.439Z LOG [InstanceLoader] PrismaModule dependencies initialized
2026-02-14T07:01:44.441Z LOG [InstanceLoader] HealthModule dependencies initialized
2026-02-14T07:01:44.441Z LOG [InstanceLoader] UsersModule dependencies initialized
2026-02-14T07:01:44.441Z LOG [InstanceLoader] AuthModule dependencies initialized
2026-02-14T07:01:44.442Z LOG [InstanceLoader] ItemsGroupMasterModule dependencies initialized
2026-02-14T07:01:44.442Z LOG [InstanceLoader] ItemsBrandMasterModule dependencies initialized
2026-02-14T07:01:44.442Z LOG [InstanceLoader] UnitsMasterModule dependencies initialized
2026-02-14T07:01:44.476Z LOG [RoutesResolver] HealthController {/api/health} (version: 1):
2026-02-14T07:01:44.478Z LOG [RouterExplorer] Mapped {/api/health, GET} (version: 1) route
2026-02-14T07:01:44.478Z LOG [RoutesResolver] UsersController {/api/users} (version: 1):
2026-02-14T07:01:44.478Z LOG [RouterExplorer] Mapped {/api/users, POST} (version: 1) route
2026-02-14T07:01:44.479Z LOG [RouterExplorer] Mapped {/api/users, GET} (version: 1) route
2026-02-14T07:01:44.479Z LOG [RouterExplorer] Mapped {/api/users/:id, GET} (version: 1) route
2026-02-14T07:01:44.479Z LOG [RouterExplorer] Mapped {/api/users/:id, PATCH} (version: 1) route
2026-02-14T07:01:44.480Z LOG [RouterExplorer] Mapped {/api/users/:id, DELETE} (version: 1) route
2026-02-14T07:01:44.480Z LOG [RoutesResolver] ItemsGroupMasterController {/api/item-groups} (version: 1):
2026-02-14T07:01:44.480Z LOG [RouterExplorer] Mapped {/api/item-groups/create, POST} (version: 1) route
2026-02-14T07:01:44.480Z LOG [RouterExplorer] Mapped {/api/item-groups/list, GET} (version: 1) route
2026-02-14T07:01:44.481Z LOG [RouterExplorer] Mapped {/api/item-groups/get/:itg_id, GET} (version: 1) route
2026-02-14T07:01:44.481Z LOG [RouterExplorer] Mapped {/api/item-groups/delete/:itg_id, DELETE} (version: 1) route
2026-02-14T07:01:44.481Z LOG [RoutesResolver] ItemsBrandMasterController {/api/item-brands} (version: 1):
2026-02-14T07:01:44.481Z LOG [RouterExplorer] Mapped {/api/item-brands/create, POST} (version: 1) route
2026-02-14T07:01:44.481Z LOG [RouterExplorer] Mapped {/api/item-brands/list, GET} (version: 1) route
2026-02-14T07:01:44.482Z LOG [RouterExplorer] Mapped {/api/item-brands/get/:brand_id, GET} (version: 1) route
2026-02-14T07:01:44.482Z LOG [RouterExplorer] Mapped {/api/item-brands/delete/:brand_id, DELETE} (version: 1) route
2026-02-14T07:01:44.482Z LOG [RoutesResolver] UnitsMasterController {/api/units} (version: 1):
2026-02-14T07:01:44.482Z LOG [RouterExplorer] Mapped {/api/units/create, POST} (version: 1) route
2026-02-14T07:01:44.482Z LOG [RouterExplorer] Mapped {/api/units/list, GET} (version: 1) route
2026-02-14T07:01:44.483Z LOG [RouterExplorer] Mapped {/api/units/get/:unit_id, GET} (version: 1) route
2026-02-14T07:01:44.483Z LOG [RouterExplorer] Mapped {/api/units/delete/:unit_id, DELETE} (version: 1) route
2026-02-14T07:01:44.483Z LOG [RoutesResolver] AuthController {/api/auth} (version: 1):
2026-02-14T07:01:44.483Z LOG [RouterExplorer] Mapped {/api/auth/login, POST} (version: 1) route
2026-02-14T07:01:44.485Z LOG [NestApplication] Nest application successfully started
2026-02-14T07:01:44.549Z LOG [Bootstrap] API docs URL: https://[::1]:3010/api/docs
2026-02-14T07:01:44.549Z LOG [Bootstrap] DB connected: true
2026-02-14T07:01:54.660Z LOG [NestFactory] Starting Nest application...
2026-02-14T07:01:54.670Z LOG [InstanceLoader] ThrottlerModule dependencies initialized
2026-02-14T07:01:54.671Z LOG [InstanceLoader] ConfigHostModule dependencies initialized
2026-02-14T07:01:54.671Z LOG [InstanceLoader] AppModule dependencies initialized
2026-02-14T07:01:54.671Z LOG [InstanceLoader] ConfigModule dependencies initialized
2026-02-14T07:01:54.671Z LOG [InstanceLoader] ConfigModule dependencies initialized
2026-02-14T07:01:54.674Z LOG [InstanceLoader] PrismaModule dependencies initialized
2026-02-14T07:01:54.675Z LOG [InstanceLoader] HealthModule dependencies initialized
2026-02-14T07:01:54.675Z LOG [InstanceLoader] UsersModule dependencies initialized
2026-02-14T07:01:54.676Z LOG [InstanceLoader] AuthModule dependencies initialized
2026-02-14T07:01:54.676Z LOG [InstanceLoader] ItemsGroupMasterModule dependencies initialized
2026-02-14T07:01:54.676Z LOG [InstanceLoader] ItemsBrandMasterModule dependencies initialized
2026-02-14T07:01:54.676Z LOG [InstanceLoader] UnitsMasterModule dependencies initialized
2026-02-14T07:01:54.713Z LOG [RoutesResolver] HealthController {/api/health} (version: 1):
2026-02-14T07:01:54.715Z LOG [RouterExplorer] Mapped {/api/health, GET} (version: 1) route
2026-02-14T07:01:54.715Z LOG [RoutesResolver] UsersController {/api/users} (version: 1):
2026-02-14T07:01:54.716Z LOG [RouterExplorer] Mapped {/api/users, POST} (version: 1) route
2026-02-14T07:01:54.716Z LOG [RouterExplorer] Mapped {/api/users, GET} (version: 1) route
2026-02-14T07:01:54.716Z LOG [RouterExplorer] Mapped {/api/users/:id, GET} (version: 1) route
2026-02-14T07:01:54.716Z LOG [RouterExplorer] Mapped {/api/users/:id, PATCH} (version: 1) route
2026-02-14T07:01:54.717Z LOG [RouterExplorer] Mapped {/api/users/:id, DELETE} (version: 1) route
2026-02-14T07:01:54.717Z LOG [RoutesResolver] ItemsGroupMasterController {/api/item-groups} (version: 1):
2026-02-14T07:01:54.717Z LOG [RouterExplorer] Mapped {/api/item-groups/create, POST} (version: 1) route
2026-02-14T07:01:54.717Z LOG [RouterExplorer] Mapped {/api/item-groups/list, GET} (version: 1) route
2026-02-14T07:01:54.718Z LOG [RouterExplorer] Mapped {/api/item-groups/get/:itg_id, GET} (version: 1) route
2026-02-14T07:01:54.718Z LOG [RouterExplorer] Mapped {/api/item-groups/delete/:itg_id, DELETE} (version: 1) route
2026-02-14T07:01:54.718Z LOG [RoutesResolver] ItemsBrandMasterController {/api/item-brands} (version: 1):
2026-02-14T07:01:54.718Z LOG [RouterExplorer] Mapped {/api/item-brands/create, POST} (version: 1) route
2026-02-14T07:01:54.718Z LOG [RouterExplorer] Mapped {/api/item-brands/list, GET} (version: 1) route
2026-02-14T07:01:54.719Z LOG [RouterExplorer] Mapped {/api/item-brands/get/:brand_id, GET} (version: 1) route
2026-02-14T07:01:54.719Z LOG [RouterExplorer] Mapped {/api/item-brands/delete/:brand_id, DELETE} (version: 1) route
2026-02-14T07:01:54.719Z LOG [RoutesResolver] UnitsMasterController {/api/units} (version: 1):
2026-02-14T07:01:54.719Z LOG [RouterExplorer] Mapped {/api/units/create, POST} (version: 1) route
2026-02-14T07:01:54.719Z LOG [RouterExplorer] Mapped {/api/units/list, GET} (version: 1) route
2026-02-14T07:01:54.720Z LOG [RouterExplorer] Mapped {/api/units/get/:unit_id, GET} (version: 1) route
2026-02-14T07:01:54.720Z LOG [RouterExplorer] Mapped {/api/units/delete/:unit_id, DELETE} (version: 1) route
2026-02-14T07:01:54.720Z LOG [RoutesResolver] AuthController {/api/auth} (version: 1):
2026-02-14T07:01:54.720Z LOG [RouterExplorer] Mapped {/api/auth/login, POST} (version: 1) route
2026-02-14T07:01:54.722Z LOG [NestApplication] Nest application successfully started
2026-02-14T07:01:54.784Z LOG [Bootstrap] API docs URL: https://[::1]:3010/api/docs
2026-02-14T07:01:54.784Z LOG [Bootstrap] DB connected: true
2026-02-14T07:02:11.281Z LOG [NestFactory] Starting Nest application...
2026-02-14T07:02:11.293Z LOG [InstanceLoader] ThrottlerModule dependencies initialized
2026-02-14T07:02:11.294Z LOG [InstanceLoader] ConfigHostModule dependencies initialized
2026-02-14T07:02:11.294Z LOG [InstanceLoader] AppModule dependencies initialized
2026-02-14T07:02:11.294Z LOG [InstanceLoader] ConfigModule dependencies initialized
2026-02-14T07:02:11.294Z LOG [InstanceLoader] ConfigModule dependencies initialized
2026-02-14T07:02:11.298Z LOG [InstanceLoader] PrismaModule dependencies initialized
2026-02-14T07:02:11.298Z LOG [InstanceLoader] HealthModule dependencies initialized
2026-02-14T07:02:11.299Z LOG [InstanceLoader] UsersModule dependencies initialized
2026-02-14T07:02:11.299Z LOG [InstanceLoader] AuthModule dependencies initialized
2026-02-14T07:02:11.299Z LOG [InstanceLoader] ItemsGroupMasterModule dependencies initialized
2026-02-14T07:02:11.299Z LOG [InstanceLoader] ItemsBrandMasterModule dependencies initialized
2026-02-14T07:02:11.299Z LOG [InstanceLoader] UnitsMasterModule dependencies initialized
2026-02-14T07:02:11.334Z LOG [RoutesResolver] HealthController {/api/health} (version: 1):
2026-02-14T07:02:11.335Z LOG [RouterExplorer] Mapped {/api/health, GET} (version: 1) route
2026-02-14T07:02:11.335Z LOG [RoutesResolver] UsersController {/api/users} (version: 1):
2026-02-14T07:02:11.335Z LOG [RouterExplorer] Mapped {/api/users, POST} (version: 1) route
2026-02-14T07:02:11.336Z LOG [RouterExplorer] Mapped {/api/users, GET} (version: 1) route
2026-02-14T07:02:11.336Z LOG [RouterExplorer] Mapped {/api/users/:id, GET} (version: 1) route
2026-02-14T07:02:11.336Z LOG [RouterExplorer] Mapped {/api/users/:id, PATCH} (version: 1) route
2026-02-14T07:02:11.336Z LOG [RouterExplorer] Mapped {/api/users/:id, DELETE} (version: 1) route
2026-02-14T07:02:11.336Z LOG [RoutesResolver] ItemsGroupMasterController {/api/item-groups} (version: 1):
2026-02-14T07:02:11.337Z LOG [RouterExplorer] Mapped {/api/item-groups/create, POST} (version: 1) route
2026-02-14T07:02:11.337Z LOG [RouterExplorer] Mapped {/api/item-groups/list, GET} (version: 1) route
2026-02-14T07:02:11.337Z LOG [RouterExplorer] Mapped {/api/item-groups/get/:itg_id, GET} (version: 1) route
2026-02-14T07:02:11.337Z LOG [RouterExplorer] Mapped {/api/item-groups/delete/:itg_id, DELETE} (version: 1) route
2026-02-14T07:02:11.337Z LOG [RoutesResolver] ItemsBrandMasterController {/api/item-brands} (version: 1):
2026-02-14T07:02:11.338Z LOG [RouterExplorer] Mapped {/api/item-brands/create, POST} (version: 1) route
2026-02-14T07:02:11.338Z LOG [RouterExplorer] Mapped {/api/item-brands/list, GET} (version: 1) route
2026-02-14T07:02:11.338Z LOG [RouterExplorer] Mapped {/api/item-brands/get/:brand_id, GET} (version: 1) route
2026-02-14T07:02:11.338Z LOG [RouterExplorer] Mapped {/api/item-brands/delete/:brand_id, DELETE} (version: 1) route
2026-02-14T07:02:11.338Z LOG [RoutesResolver] UnitsMasterController {/api/units} (version: 1):
2026-02-14T07:02:11.338Z LOG [RouterExplorer] Mapped {/api/units/create, POST} (version: 1) route
2026-02-14T07:02:11.338Z LOG [RouterExplorer] Mapped {/api/units/list, GET} (version: 1) route
2026-02-14T07:02:11.339Z LOG [RouterExplorer] Mapped {/api/units/get/:unit_id, GET} (version: 1) route
2026-02-14T07:02:11.339Z LOG [RouterExplorer] Mapped {/api/units/delete/:unit_id, DELETE} (version: 1) route
2026-02-14T07:02:11.339Z LOG [RoutesResolver] AuthController {/api/auth} (version: 1):
2026-02-14T07:02:11.339Z LOG [RouterExplorer] Mapped {/api/auth/login, POST} (version: 1) route
2026-02-14T07:02:11.341Z LOG [NestApplication] Nest application successfully started
2026-02-14T07:02:11.399Z LOG [Bootstrap] API docs URL: https://[::1]:3010/api/docs
2026-02-14T07:02:11.399Z LOG [Bootstrap] DB connected: true
2026-02-14T07:02:25.697Z LOG [NestFactory] Starting Nest application...
2026-02-14T07:02:25.711Z LOG [InstanceLoader] ThrottlerModule dependencies initialized
2026-02-14T07:02:25.711Z LOG [InstanceLoader] ConfigHostModule dependencies initialized
2026-02-14T07:02:25.712Z LOG [InstanceLoader] AppModule dependencies initialized
2026-02-14T07:02:25.712Z LOG [InstanceLoader] ConfigModule dependencies initialized
2026-02-14T07:02:25.712Z LOG [InstanceLoader] ConfigModule dependencies initialized
2026-02-14T07:02:25.716Z LOG [InstanceLoader] PrismaModule dependencies initialized
2026-02-14T07:02:25.717Z LOG [InstanceLoader] HealthModule dependencies initialized
2026-02-14T07:02:25.717Z LOG [InstanceLoader] UsersModule dependencies initialized
2026-02-14T07:02:25.718Z LOG [InstanceLoader] AuthModule dependencies initialized
2026-02-14T07:02:25.718Z LOG [InstanceLoader] ItemsGroupMasterModule dependencies initialized
2026-02-14T07:02:25.718Z LOG [InstanceLoader] ItemsBrandMasterModule dependencies initialized
2026-02-14T07:02:25.718Z LOG [InstanceLoader] UnitsMasterModule dependencies initialized
2026-02-14T07:02:25.762Z LOG [RoutesResolver] HealthController {/api/health} (version: 1):
2026-02-14T07:02:25.763Z LOG [RouterExplorer] Mapped {/api/health, GET} (version: 1) route
2026-02-14T07:02:25.763Z LOG [RoutesResolver] UsersController {/api/users} (version: 1):
2026-02-14T07:02:25.764Z LOG [RouterExplorer] Mapped {/api/users, POST} (version: 1) route
2026-02-14T07:02:25.764Z LOG [RouterExplorer] Mapped {/api/users, GET} (version: 1) route
2026-02-14T07:02:25.764Z LOG [RouterExplorer] Mapped {/api/users/:id, GET} (version: 1) route
2026-02-14T07:02:25.764Z LOG [RouterExplorer] Mapped {/api/users/:id, PATCH} (version: 1) route
2026-02-14T07:02:25.765Z LOG [RouterExplorer] Mapped {/api/users/:id, DELETE} (version: 1) route
2026-02-14T07:02:25.765Z LOG [RoutesResolver] ItemsGroupMasterController {/api/item-groups} (version: 1):
2026-02-14T07:02:25.765Z LOG [RouterExplorer] Mapped {/api/item-groups/create, POST} (version: 1) route
2026-02-14T07:02:25.765Z LOG [RouterExplorer] Mapped {/api/item-groups/list, GET} (version: 1) route
2026-02-14T07:02:25.766Z LOG [RouterExplorer] Mapped {/api/item-groups/get/:itg_id, GET} (version: 1) route
2026-02-14T07:02:25.766Z LOG [RouterExplorer] Mapped {/api/item-groups/delete/:itg_id, DELETE} (version: 1) route
2026-02-14T07:02:25.766Z LOG [RoutesResolver] ItemsBrandMasterController {/api/item-brands} (version: 1):
2026-02-14T07:02:25.766Z LOG [RouterExplorer] Mapped {/api/item-brands/create, POST} (version: 1) route
2026-02-14T07:02:25.766Z LOG [RouterExplorer] Mapped {/api/item-brands/list, GET} (version: 1) route
2026-02-14T07:02:25.766Z LOG [RouterExplorer] Mapped {/api/item-brands/get/:brand_id, GET} (version: 1) route
2026-02-14T07:02:25.767Z LOG [RouterExplorer] Mapped {/api/item-brands/delete/:brand_id, DELETE} (version: 1) route
2026-02-14T07:02:25.767Z LOG [RoutesResolver] UnitsMasterController {/api/units} (version: 1):
2026-02-14T07:02:25.767Z LOG [RouterExplorer] Mapped {/api/units/create, POST} (version: 1) route
2026-02-14T07:02:25.767Z LOG [RouterExplorer] Mapped {/api/units/list, GET} (version: 1) route
2026-02-14T07:02:25.767Z LOG [RouterExplorer] Mapped {/api/units/get/:unit_id, GET} (version: 1) route
2026-02-14T07:02:25.767Z LOG [RouterExplorer] Mapped {/api/units/delete/:unit_id, DELETE} (version: 1) route
2026-02-14T07:02:25.768Z LOG [RoutesResolver] AuthController {/api/auth} (version: 1):
2026-02-14T07:02:25.768Z LOG [RouterExplorer] Mapped {/api/auth/login, POST} (version: 1) route
2026-02-14T07:02:25.770Z LOG [NestApplication] Nest application successfully started
2026-02-14T07:02:25.835Z LOG [Bootstrap] API docs URL: https://[::1]:3010/api/docs
2026-02-14T07:02:25.835Z LOG [Bootstrap] DB connected: true
2026-02-14T07:03:12.339Z LOG [NestFactory] Starting Nest application...
2026-02-14T07:03:12.349Z LOG [InstanceLoader] ThrottlerModule dependencies initialized
2026-02-14T07:03:12.349Z LOG [InstanceLoader] ConfigHostModule dependencies initialized
2026-02-14T07:03:12.349Z LOG [InstanceLoader] AppModule dependencies initialized
2026-02-14T07:03:12.350Z LOG [InstanceLoader] ConfigModule dependencies initialized
2026-02-14T07:03:12.350Z LOG [InstanceLoader] ConfigModule dependencies initialized
2026-02-14T07:03:12.353Z LOG [InstanceLoader] PrismaModule dependencies initialized
2026-02-14T07:03:12.354Z LOG [InstanceLoader] HealthModule dependencies initialized
2026-02-14T07:03:12.354Z LOG [InstanceLoader] UsersModule dependencies initialized
2026-02-14T07:03:12.355Z LOG [InstanceLoader] AuthModule dependencies initialized
2026-02-14T07:03:12.355Z LOG [InstanceLoader] ItemsGroupMasterModule dependencies initialized
2026-02-14T07:03:12.355Z LOG [InstanceLoader] ItemsBrandMasterModule dependencies initialized
2026-02-14T07:03:12.355Z LOG [InstanceLoader] UnitsMasterModule dependencies initialized
2026-02-14T07:03:12.390Z LOG [RoutesResolver] HealthController {/api/health} (version: 1):
2026-02-14T07:03:12.392Z LOG [RouterExplorer] Mapped {/api/health, GET} (version: 1) route
2026-02-14T07:03:12.392Z LOG [RoutesResolver] UsersController {/api/users} (version: 1):
2026-02-14T07:03:12.392Z LOG [RouterExplorer] Mapped {/api/users, POST} (version: 1) route
2026-02-14T07:03:12.392Z LOG [RouterExplorer] Mapped {/api/users, GET} (version: 1) route
2026-02-14T07:03:12.393Z LOG [RouterExplorer] Mapped {/api/users/:id, GET} (version: 1) route
2026-02-14T07:03:12.393Z LOG [RouterExplorer] Mapped {/api/users/:id, PATCH} (version: 1) route
2026-02-14T07:03:12.393Z LOG [RouterExplorer] Mapped {/api/users/:id, DELETE} (version: 1) route
2026-02-14T07:03:12.393Z LOG [RoutesResolver] ItemsGroupMasterController {/api/item-groups} (version: 1):
2026-02-14T07:03:12.394Z LOG [RouterExplorer] Mapped {/api/item-groups/create, POST} (version: 1) route
2026-02-14T07:03:12.394Z LOG [RouterExplorer] Mapped {/api/item-groups/list, GET} (version: 1) route
2026-02-14T07:03:12.394Z LOG [RouterExplorer] Mapped {/api/item-groups/get/:itg_id, GET} (version: 1) route
2026-02-14T07:03:12.395Z LOG [RouterExplorer] Mapped {/api/item-groups/delete/:itg_id, DELETE} (version: 1) route
2026-02-14T07:03:12.395Z LOG [RoutesResolver] ItemsBrandMasterController {/api/item-brands} (version: 1):
2026-02-14T07:03:12.395Z LOG [RouterExplorer] Mapped {/api/item-brands/create, POST} (version: 1) route
2026-02-14T07:03:12.395Z LOG [RouterExplorer] Mapped {/api/item-brands/list, GET} (version: 1) route
2026-02-14T07:03:12.396Z LOG [RouterExplorer] Mapped {/api/item-brands/get/:brand_id, GET} (version: 1) route
2026-02-14T07:03:12.396Z LOG [RouterExplorer] Mapped {/api/item-brands/delete/:brand_id, DELETE} (version: 1) route
2026-02-14T07:03:12.396Z LOG [RoutesResolver] UnitsMasterController {/api/units} (version: 1):
2026-02-14T07:03:12.396Z LOG [RouterExplorer] Mapped {/api/units/create, POST} (version: 1) route
2026-02-14T07:03:12.396Z LOG [RouterExplorer] Mapped {/api/units/list, GET} (version: 1) route
2026-02-14T07:03:12.397Z LOG [RouterExplorer] Mapped {/api/units/get/:unit_id, GET} (version: 1) route
2026-02-14T07:03:12.397Z LOG [RouterExplorer] Mapped {/api/units/delete/:unit_id, DELETE} (version: 1) route
2026-02-14T07:03:12.397Z LOG [RoutesResolver] AuthController {/api/auth} (version: 1):
2026-02-14T07:03:12.397Z LOG [RouterExplorer] Mapped {/api/auth/login, POST} (version: 1) route
2026-02-14T07:03:12.399Z LOG [NestApplication] Nest application successfully started
2026-02-14T07:03:12.459Z LOG [Bootstrap] API docs URL: https://[::1]:3010/api/docs
2026-02-14T07:03:12.459Z LOG [Bootstrap] DB connected: true
2026-02-14T07:03:33.330Z LOG [NestFactory] Starting Nest application...
2026-02-14T07:03:33.342Z LOG [InstanceLoader] ThrottlerModule dependencies initialized
2026-02-14T07:03:33.343Z LOG [InstanceLoader] ConfigHostModule dependencies initialized
2026-02-14T07:03:33.343Z LOG [InstanceLoader] AppModule dependencies initialized
2026-02-14T07:03:33.343Z LOG [InstanceLoader] ConfigModule dependencies initialized
2026-02-14T07:03:33.343Z LOG [InstanceLoader] ConfigModule dependencies initialized
2026-02-14T07:03:33.347Z LOG [InstanceLoader] PrismaModule dependencies initialized
2026-02-14T07:03:33.348Z LOG [InstanceLoader] HealthModule dependencies initialized
2026-02-14T07:03:33.348Z LOG [InstanceLoader] UsersModule dependencies initialized
2026-02-14T07:03:33.348Z LOG [InstanceLoader] AuthModule dependencies initialized
2026-02-14T07:03:33.349Z LOG [InstanceLoader] ItemsGroupMasterModule dependencies initialized
2026-02-14T07:03:33.349Z LOG [InstanceLoader] ItemsBrandMasterModule dependencies initialized
2026-02-14T07:03:33.349Z LOG [InstanceLoader] UnitsMasterModule dependencies initialized
2026-02-14T07:03:33.387Z LOG [RoutesResolver] HealthController {/api/health} (version: 1):
2026-02-14T07:03:33.389Z LOG [RouterExplorer] Mapped {/api/health, GET} (version: 1) route
2026-02-14T07:03:33.389Z LOG [RoutesResolver] UsersController {/api/users} (version: 1):
2026-02-14T07:03:33.390Z LOG [RouterExplorer] Mapped {/api/users, POST} (version: 1) route
2026-02-14T07:03:33.390Z LOG [RouterExplorer] Mapped {/api/users, GET} (version: 1) route
2026-02-14T07:03:33.390Z LOG [RouterExplorer] Mapped {/api/users/:id, GET} (version: 1) route
2026-02-14T07:03:33.391Z LOG [RouterExplorer] Mapped {/api/users/:id, PATCH} (version: 1) route
2026-02-14T07:03:33.391Z LOG [RouterExplorer] Mapped {/api/users/:id, DELETE} (version: 1) route
2026-02-14T07:03:33.391Z LOG [RoutesResolver] ItemsGroupMasterController {/api/item-groups} (version: 1):
2026-02-14T07:03:33.391Z LOG [RouterExplorer] Mapped {/api/item-groups/create, POST} (version: 1) route
2026-02-14T07:03:33.391Z LOG [RouterExplorer] Mapped {/api/item-groups/list, GET} (version: 1) route
2026-02-14T07:03:33.392Z LOG [RouterExplorer] Mapped {/api/item-groups/get/:itg_id, GET} (version: 1) route
2026-02-14T07:03:33.392Z LOG [RouterExplorer] Mapped {/api/item-groups/delete/:itg_id, DELETE} (version: 1) route
2026-02-14T07:03:33.392Z LOG [RoutesResolver] ItemsBrandMasterController {/api/item-brands} (version: 1):
2026-02-14T07:03:33.392Z LOG [RouterExplorer] Mapped {/api/item-brands/create, POST} (version: 1) route
2026-02-14T07:03:33.392Z LOG [RouterExplorer] Mapped {/api/item-brands/list, GET} (version: 1) route
2026-02-14T07:03:33.392Z LOG [RouterExplorer] Mapped {/api/item-brands/get/:brand_id, GET} (version: 1) route
2026-02-14T07:03:33.393Z LOG [RouterExplorer] Mapped {/api/item-brands/delete/:brand_id, DELETE} (version: 1) route
2026-02-14T07:03:33.393Z LOG [RoutesResolver] UnitsMasterController {/api/units} (version: 1):
2026-02-14T07:03:33.393Z LOG [RouterExplorer] Mapped {/api/units/create, POST} (version: 1) route
2026-02-14T07:03:33.393Z LOG [RouterExplorer] Mapped {/api/units/list, GET} (version: 1) route
2026-02-14T07:03:33.393Z LOG [RouterExplorer] Mapped {/api/units/get/:unit_id, GET} (version: 1) route
2026-02-14T07:03:33.393Z LOG [RouterExplorer] Mapped {/api/units/delete/:unit_id, DELETE} (version: 1) route
2026-02-14T07:03:33.393Z LOG [RoutesResolver] AuthController {/api/auth} (version: 1):
2026-02-14T07:03:33.394Z LOG [RouterExplorer] Mapped {/api/auth/login, POST} (version: 1) route
2026-02-14T07:03:33.395Z LOG [NestApplication] Nest application successfully started
2026-02-14T07:03:33.458Z LOG [Bootstrap] API docs URL: https://[::1]:3010/api/docs
2026-02-14T07:03:33.458Z LOG [Bootstrap] DB connected: true
2026-02-14T07:03:37.027Z LOG [NestFactory] Starting Nest application...
2026-02-14T07:03:37.039Z LOG [InstanceLoader] ThrottlerModule dependencies initialized
2026-02-14T07:03:37.039Z LOG [InstanceLoader] ConfigHostModule dependencies initialized
2026-02-14T07:03:37.039Z LOG [InstanceLoader] AppModule dependencies initialized
2026-02-14T07:03:37.039Z LOG [InstanceLoader] ConfigModule dependencies initialized
2026-02-14T07:03:37.039Z LOG [InstanceLoader] ConfigModule dependencies initialized
2026-02-14T07:03:37.044Z LOG [InstanceLoader] PrismaModule dependencies initialized
2026-02-14T07:03:37.045Z LOG [InstanceLoader] HealthModule dependencies initialized
2026-02-14T07:03:37.045Z LOG [InstanceLoader] UsersModule dependencies initialized
2026-02-14T07:03:37.045Z LOG [InstanceLoader] AuthModule dependencies initialized
2026-02-14T07:03:37.046Z LOG [InstanceLoader] ItemsGroupMasterModule dependencies initialized
2026-02-14T07:03:37.046Z LOG [InstanceLoader] ItemsBrandMasterModule dependencies initialized
2026-02-14T07:03:37.046Z LOG [InstanceLoader] UnitsMasterModule dependencies initialized
2026-02-14T07:03:37.086Z LOG [RoutesResolver] HealthController {/api/health} (version: 1):
2026-02-14T07:03:37.088Z LOG [RouterExplorer] Mapped {/api/health, GET} (version: 1) route
2026-02-14T07:03:37.088Z LOG [RoutesResolver] UsersController {/api/users} (version: 1):
2026-02-14T07:03:37.088Z LOG [RouterExplorer] Mapped {/api/users, POST} (version: 1) route
2026-02-14T07:03:37.088Z LOG [RouterExplorer] Mapped {/api/users, GET} (version: 1) route
2026-02-14T07:03:37.089Z LOG [RouterExplorer] Mapped {/api/users/:id, GET} (version: 1) route
2026-02-14T07:03:37.089Z LOG [RouterExplorer] Mapped {/api/users/:id, PATCH} (version: 1) route
2026-02-14T07:03:37.089Z LOG [RouterExplorer] Mapped {/api/users/:id, DELETE} (version: 1) route
2026-02-14T07:03:37.089Z LOG [RoutesResolver] ItemsGroupMasterController {/api/item-groups} (version: 1):
2026-02-14T07:03:37.090Z LOG [RouterExplorer] Mapped {/api/item-groups/create, POST} (version: 1) route
2026-02-14T07:03:37.090Z LOG [RouterExplorer] Mapped {/api/item-groups/list, GET} (version: 1) route
2026-02-14T07:03:37.090Z LOG [RouterExplorer] Mapped {/api/item-groups/get/:itg_id, GET} (version: 1) route
2026-02-14T07:03:37.090Z LOG [RouterExplorer] Mapped {/api/item-groups/delete/:itg_id, DELETE} (version: 1) route
2026-02-14T07:03:37.091Z LOG [RoutesResolver] ItemsBrandMasterController {/api/item-brands} (version: 1):
2026-02-14T07:03:37.091Z LOG [RouterExplorer] Mapped {/api/item-brands/create, POST} (version: 1) route
2026-02-14T07:03:37.091Z LOG [RouterExplorer] Mapped {/api/item-brands/list, GET} (version: 1) route
2026-02-14T07:03:37.091Z LOG [RouterExplorer] Mapped {/api/item-brands/get/:brand_id, GET} (version: 1) route
2026-02-14T07:03:37.091Z LOG [RouterExplorer] Mapped {/api/item-brands/delete/:brand_id, DELETE} (version: 1) route
2026-02-14T07:03:37.091Z LOG [RoutesResolver] UnitsMasterController {/api/units} (version: 1):
2026-02-14T07:03:37.092Z LOG [RouterExplorer] Mapped {/api/units/create, POST} (version: 1) route
2026-02-14T07:03:37.092Z LOG [RouterExplorer] Mapped {/api/units/list, GET} (version: 1) route
2026-02-14T07:03:37.092Z LOG [RouterExplorer] Mapped {/api/units/get/:unit_id, GET} (version: 1) route
2026-02-14T07:03:37.092Z LOG [RouterExplorer] Mapped {/api/units/delete/:unit_id, DELETE} (version: 1) route
2026-02-14T07:03:37.092Z LOG [RoutesResolver] AuthController {/api/auth} (version: 1):
2026-02-14T07:03:37.092Z LOG [RouterExplorer] Mapped {/api/auth/login, POST} (version: 1) route
2026-02-14T07:03:37.094Z LOG [NestApplication] Nest application successfully started
2026-02-14T07:03:37.150Z LOG [Bootstrap] API docs URL: https://[::1]:3010/api/docs
2026-02-14T07:03:37.150Z LOG [Bootstrap] DB connected: true
2026-02-14T07:04:55.068Z LOG [NestFactory] Starting Nest application...
2026-02-14T07:04:55.079Z LOG [InstanceLoader] ThrottlerModule dependencies initialized
2026-02-14T07:04:55.079Z LOG [InstanceLoader] ConfigHostModule dependencies initialized
2026-02-14T07:04:55.079Z LOG [InstanceLoader] AppModule dependencies initialized
2026-02-14T07:04:55.079Z LOG [InstanceLoader] ConfigModule dependencies initialized
2026-02-14T07:04:55.079Z LOG [InstanceLoader] ConfigModule dependencies initialized
2026-02-14T07:04:55.083Z LOG [InstanceLoader] PrismaModule dependencies initialized
2026-02-14T07:04:55.084Z LOG [InstanceLoader] HealthModule dependencies initialized
2026-02-14T07:04:55.084Z LOG [InstanceLoader] UsersModule dependencies initialized
2026-02-14T07:04:55.085Z LOG [InstanceLoader] AuthModule dependencies initialized
2026-02-14T07:04:55.085Z LOG [InstanceLoader] ItemsGroupMasterModule dependencies initialized
2026-02-14T07:04:55.085Z LOG [InstanceLoader] ItemsBrandMasterModule dependencies initialized
2026-02-14T07:04:55.085Z LOG [InstanceLoader] ItemsSectionMasterModule dependencies initialized
2026-02-14T07:04:55.085Z LOG [InstanceLoader] UnitsMasterModule dependencies initialized
2026-02-14T07:04:55.125Z LOG [RoutesResolver] HealthController {/api/health} (version: 1):
2026-02-14T07:04:55.126Z LOG [RouterExplorer] Mapped {/api/health, GET} (version: 1) route
2026-02-14T07:04:55.126Z LOG [RoutesResolver] UsersController {/api/users} (version: 1):
2026-02-14T07:04:55.126Z LOG [RouterExplorer] Mapped {/api/users, POST} (version: 1) route
2026-02-14T07:04:55.127Z LOG [RouterExplorer] Mapped {/api/users, GET} (version: 1) route
2026-02-14T07:04:55.127Z LOG [RouterExplorer] Mapped {/api/users/:id, GET} (version: 1) route
2026-02-14T07:04:55.127Z LOG [RouterExplorer] Mapped {/api/users/:id, PATCH} (version: 1) route
2026-02-14T07:04:55.127Z LOG [RouterExplorer] Mapped {/api/users/:id, DELETE} (version: 1) route
2026-02-14T07:04:55.127Z LOG [RoutesResolver] ItemsGroupMasterController {/api/item-groups} (version: 1):
2026-02-14T07:04:55.128Z LOG [RouterExplorer] Mapped {/api/item-groups/create, POST} (version: 1) route
2026-02-14T07:04:55.128Z LOG [RouterExplorer] Mapped {/api/item-groups/list, GET} (version: 1) route
2026-02-14T07:04:55.128Z LOG [RouterExplorer] Mapped {/api/item-groups/get/:itg_id, GET} (version: 1) route
2026-02-14T07:04:55.128Z LOG [RouterExplorer] Mapped {/api/item-groups/delete/:itg_id, DELETE} (version: 1) route
2026-02-14T07:04:55.128Z LOG [RoutesResolver] ItemsBrandMasterController {/api/item-brands} (version: 1):
2026-02-14T07:04:55.129Z LOG [RouterExplorer] Mapped {/api/item-brands/create, POST} (version: 1) route
2026-02-14T07:04:55.129Z LOG [RouterExplorer] Mapped {/api/item-brands/list, GET} (version: 1) route
2026-02-14T07:04:55.129Z LOG [RouterExplorer] Mapped {/api/item-brands/get/:brand_id, GET} (version: 1) route
2026-02-14T07:04:55.129Z LOG [RouterExplorer] Mapped {/api/item-brands/delete/:brand_id, DELETE} (version: 1) route
2026-02-14T07:04:55.129Z LOG [RoutesResolver] ItemsSectionMasterController {/api/item-sections} (version: 1):
2026-02-14T07:04:55.130Z LOG [RouterExplorer] Mapped {/api/item-sections/create, POST} (version: 1) route
2026-02-14T07:04:55.130Z LOG [RouterExplorer] Mapped {/api/item-sections/list, GET} (version: 1) route
2026-02-14T07:04:55.130Z LOG [RouterExplorer] Mapped {/api/item-sections/get/:sec_id, GET} (version: 1) route
2026-02-14T07:04:55.130Z LOG [RouterExplorer] Mapped {/api/item-sections/delete/:sec_id, DELETE} (version: 1) route
2026-02-14T07:04:55.130Z LOG [RoutesResolver] UnitsMasterController {/api/units} (version: 1):
2026-02-14T07:04:55.130Z LOG [RouterExplorer] Mapped {/api/units/create, POST} (version: 1) route
2026-02-14T07:04:55.130Z LOG [RouterExplorer] Mapped {/api/units/list, GET} (version: 1) route
2026-02-14T07:04:55.131Z LOG [RouterExplorer] Mapped {/api/units/get/:unit_id, GET} (version: 1) route
2026-02-14T07:04:55.131Z LOG [RouterExplorer] Mapped {/api/units/delete/:unit_id, DELETE} (version: 1) route
2026-02-14T07:04:55.131Z LOG [RoutesResolver] AuthController {/api/auth} (version: 1):
2026-02-14T07:04:55.131Z LOG [RouterExplorer] Mapped {/api/auth/login, POST} (version: 1) route
2026-02-14T07:04:55.133Z LOG [NestApplication] Nest application successfully started
2026-02-14T07:04:55.197Z LOG [Bootstrap] API docs URL: https://[::1]:3010/api/docs
2026-02-14T07:04:55.197Z LOG [Bootstrap] DB connected: true
